datetime,y,ds
2016-05-09,9.819633757961784,2016-05-09
2016-05-10,9.595875,2016-05-10
2016-05-11,9.930520833333334,2016-05-11
2016-05-12,10.514430555555554,2016-05-12
2016-05-13,10.687868055555557,2016-05-13
2016-05-14,10.402152777777777,2016-05-14
2016-05-15,10.308930555555555,2016-05-15
2016-05-16,10.562576388888889,2016-05-16
2016-05-17,11.789701388888888,2016-05-17
2016-05-18,13.0975,2016-05-18
2016-05-19,14.062423611111111,2016-05-19
2016-05-20,14.304430555555557,2016-05-20
2016-05-21,13.512930555555554,2016-05-21
2016-05-22,14.048916666666665,2016-05-22
2016-05-23,14.037493055555556,2016-05-23
2016-05-24,13.04707638888889,2016-05-24
2016-05-25,12.536666666666665,2016-05-25
2016-05-26,12.548118055555555,2016-05-26
2016-05-27,11.438187500000002,2016-05-27
2016-05-28,11.44395138888889,2016-05-28
2016-05-29,12.242965277777778,2016-05-29
2016-05-30,12.550583333333334,2016-05-30
2016-05-31,13.215319444444445,2016-05-31
2016-06-01,13.996638888888889,2016-06-01
2016-06-02,13.925722222222223,2016-06-02
2016-06-03,13.773729166666667,2016-06-03
2016-06-04,13.823541666666667,2016-06-04
2016-06-05,13.834333333333332,2016-06-05
2016-06-06,13.957645833333332,2016-06-06
2016-06-07,14.153236111111111,2016-06-07
2016-06-08,14.552194444444444,2016-06-08
2016-06-09,14.50323611111111,2016-06-09
2016-06-10,14.249652777777778,2016-06-10
2016-06-11,13.991118055555555,2016-06-11
2016-06-12,14.65113888888889,2016-06-12
2016-06-13,16.605868055555558,2016-06-13
2016-06-14,18.202402777777777,2016-06-14
2016-06-15,18.405708333333333,2016-06-15
2016-06-16,19.758381944444444,2016-06-16
2016-06-17,17.569145833333334,2016-06-17
2016-06-18,12.834319444444446,2016-06-18
2016-06-19,12.3461875,2016-06-19
2016-06-20,11.750708333333334,2016-06-20
2016-06-21,12.053125,2016-06-21
2016-06-22,14.463756944444444,2016-06-22
2016-06-23,13.2579375,2016-06-23
2016-06-24,14.034465277777779,2016-06-24
2016-06-25,14.406631944444444,2016-06-25
2016-06-26,14.114611111111111,2016-06-26
2016-06-27,14.062256944444446,2016-06-27
2016-06-28,13.384923611111113,2016-06-28
2016-06-29,12.260743055555556,2016-06-29
2016-06-30,12.5716875,2016-06-30
2016-07-01,12.181770833333333,2016-07-01
2016-07-02,12.051881944444444,2016-07-02
2016-07-03,11.92495138888889,2016-07-03
2016-07-04,11.627749999999999,2016-07-04
2016-07-05,10.7435,2016-07-05
2016-07-06,11.236361111111112,2016-07-06
2016-07-07,10.252673611111112,2016-07-07
2016-07-08,10.667715277777777,2016-07-08
2016-07-09,11.354576388888889,2016-07-09
2016-07-10,11.03438888888889,2016-07-10
2016-07-11,10.775847222222223,2016-07-11
2016-07-12,10.837069444444444,2016-07-12
2016-07-13,10.754166666666666,2016-07-13
2016-07-14,11.16975,2016-07-14
2016-07-15,12.097541666666666,2016-07-15
2016-07-16,11.894069444444444,2016-07-16
2016-07-17,11.541,2016-07-17
2016-07-18,11.551430555555557,2016-07-18
2016-07-19,11.449701388888888,2016-07-19
2016-07-20,12.563729166666667,2016-07-20
2016-07-21,12.698152777777779,2016-07-21
2016-07-22,13.680611111111112,2016-07-22
2016-07-23,14.681923611111111,2016-07-23
2016-07-24,13.519465277777776,2016-07-24
2016-07-25,13.354,2016-07-25
2016-07-26,13.126840277777779,2016-07-26
2016-07-27,12.77525,2016-07-27
2016-07-28,12.924569444444446,2016-07-28
2016-07-29,12.909979166666666,2016-07-29
2016-07-30,12.922458333333333,2016-07-30
2016-07-31,12.32975,2016-07-31
2016-08-01,11.642673611111112,2016-08-01
2016-08-02,10.212479166666666,2016-08-02
2016-08-03,9.737409722222223,2016-08-03
2016-08-04,10.911138888888889,2016-08-04
2016-08-05,11.292243055555556,2016-08-05
2016-08-06,11.031965277777779,2016-08-06
2016-08-07,11.07526388888889,2016-08-07
2016-08-08,11.165111111111111,2016-08-08
2016-08-09,11.76104861111111,2016-08-09
2016-08-10,12.405999999999999,2016-08-10
2016-08-11,12.018256944444445,2016-08-11
2016-08-12,11.928555555555555,2016-08-12
2016-08-13,11.851909722222222,2016-08-13
2016-08-14,11.532979166666667,2016-08-14
2016-08-15,11.30226388888889,2016-08-15
2016-08-16,11.207569444444443,2016-08-16
2016-08-17,11.130875000000001,2016-08-17
2016-08-18,11.082847222222224,2016-08-18
2016-08-19,10.875041666666666,2016-08-19
2016-08-20,11.165819444444445,2016-08-20
2016-08-21,11.10398611111111,2016-08-21
2016-08-22,11.301270833333334,2016-08-22
2016-08-23,11.170409722222221,2016-08-23
2016-08-24,11.126986111111112,2016-08-24
2016-08-25,11.198472222222223,2016-08-25
2016-08-26,11.38888888888889,2016-08-26
2016-08-27,11.329326388888889,2016-08-27
2016-08-28,11.090826388888889,2016-08-28
2016-08-29,11.076236111111111,2016-08-29
2016-08-30,11.156465277777777,2016-08-30
2016-08-31,11.364854166666666,2016-08-31
2016-09-01,12.3033125,2016-09-01
2016-09-02,12.19773611111111,2016-09-02
2016-09-03,12.087145833333334,2016-09-03
2016-09-04,11.90017361111111,2016-09-04
2016-09-05,11.817055555555557,2016-09-05
2016-09-06,11.689902777777776,2016-09-06
2016-09-07,11.853013888888889,2016-09-07
2016-09-08,11.578368055555554,2016-09-08
2016-09-09,11.486298611111112,2016-09-09
2016-09-10,11.76186111111111,2016-09-10
2016-09-11,11.909256944444445,2016-09-11
2016-09-12,11.811347222222222,2016-09-12
2016-09-13,12.024312499999999,2016-09-13
2016-09-14,11.981131944444446,2016-09-14
2016-09-15,11.98673611111111,2016-09-15
2016-09-16,12.201180555555556,2016-09-16
2016-09-17,12.581805555555555,2016-09-17
2016-09-18,12.699972222222222,2016-09-18
2016-09-19,12.867965277777778,2016-09-19
2016-09-20,13.712534722222221,2016-09-20
2016-09-21,13.821666666666667,2016-09-21
2016-09-22,13.145340277777779,2016-09-22
2016-09-23,13.369708333333334,2016-09-23
2016-09-24,13.102263888888888,2016-09-24
2016-09-25,13.046854166666668,2016-09-25
2016-09-26,12.999805555555556,2016-09-26
2016-09-27,13.239979166666666,2016-09-27
2016-09-28,13.3654375,2016-09-28
2016-09-29,13.250270833333333,2016-09-29
2016-09-30,13.27003472222222,2016-09-30
2016-10-01,13.25290972222222,2016-10-01
2016-10-02,13.202590277777777,2016-10-02
2016-10-03,13.299902777777778,2016-10-03
2016-10-04,13.4886875,2016-10-04
2016-10-05,13.374451388888888,2016-10-05
2016-10-06,12.995138888888889,2016-10-06
2016-10-07,12.847694444444445,2016-10-07
2016-10-08,12.429493055555556,2016-10-08
2016-10-09,12.470701388888887,2016-10-09
2016-10-10,11.929638888888888,2016-10-10
2016-10-11,11.964194444444443,2016-10-11
2016-10-12,11.832722222222221,2016-10-12
2016-10-13,12.008500000000002,2016-10-13
2016-10-14,12.009791666666665,2016-10-14
2016-10-15,11.905979166666667,2016-10-15
2016-10-16,12.000354166666666,2016-10-16
2016-10-17,11.947131944444443,2016-10-17
2016-10-18,12.524326388888888,2016-10-18
2016-10-19,12.339486111111112,2016-10-19
2016-10-20,12.059784722222222,2016-10-20
2016-10-21,12.04647222222222,2016-10-21
2016-10-22,12.066854166666667,2016-10-22
2016-10-23,12.043888888888889,2016-10-23
2016-10-24,11.983291666666666,2016-10-24
2016-10-25,11.611500000000001,2016-10-25
2016-10-26,11.586722222222223,2016-10-26
2016-10-27,11.474590277777777,2016-10-27
2016-10-28,11.275909722222222,2016-10-28
2016-10-29,10.853548611111112,2016-10-29
2016-10-30,10.677729166666667,2016-10-30
2016-10-31,11.402743055555556,2016-10-31
2016-11-01,10.745902777777777,2016-11-01
2016-11-02,10.986715277777778,2016-11-02
2016-11-03,10.944340277777778,2016-11-03
2016-11-04,11.015131944444445,2016-11-04
2016-11-05,11.132069444444445,2016-11-05
2016-11-06,11.056569444444445,2016-11-06
2016-11-07,11.059527777777777,2016-11-07
2016-11-08,11.054979166666667,2016-11-08
2016-11-09,10.71401388888889,2016-11-09
2016-11-10,10.7876875,2016-11-10
2016-11-11,10.482208333333332,2016-11-11
2016-11-12,10.151326388888888,2016-11-12
2016-11-13,10.162381944444444,2016-11-13
2016-11-14,10.013840277777778,2016-11-14
2016-11-15,10.107326388888888,2016-11-15
2016-11-16,10.164541666666667,2016-11-16
2016-11-17,10.067805555555555,2016-11-17
2016-11-18,9.750097222222221,2016-11-18
2016-11-19,9.7875625,2016-11-19
2016-11-20,9.691798611111112,2016-11-20
2016-11-21,9.567451388888887,2016-11-21
2016-11-22,9.840833333333332,2016-11-22
2016-11-23,9.876534722222221,2016-11-23
2016-11-24,9.609388888888889,2016-11-24
2016-11-25,9.445479166666667,2016-11-25
2016-11-26,9.473284722222223,2016-11-26
2016-11-27,9.176645833333334,2016-11-27
2016-11-28,8.9119375,2016-11-28
2016-11-29,8.394041666666666,2016-11-29
2016-11-30,8.61988888888889,2016-11-30
2016-12-01,8.5500625,2016-12-01
2016-12-02,8.011520833333334,2016-12-02
2016-12-03,7.934986111111111,2016-12-03
2016-12-04,7.869090277777778,2016-12-04
2016-12-05,7.2936805555555555,2016-12-05
2016-12-06,6.879555555555555,2016-12-06
2016-12-07,7.868506944444444,2016-12-07
2016-12-08,8.519659722222222,2016-12-08
2016-12-09,8.355215277777777,2016-12-09
2016-12-10,8.449194444444444,2016-12-10
2016-12-11,8.329090277777777,2016-12-11
2016-12-12,8.466166666666668,2016-12-12
2016-12-13,8.497284722222222,2016-12-13
2016-12-14,8.424833333333334,2016-12-14
2016-12-15,8.014409722222222,2016-12-15
2016-12-16,7.8445833333333335,2016-12-16
2016-12-17,7.701215277777778,2016-12-17
2016-12-18,7.902798611111112,2016-12-18
2016-12-19,7.833013888888888,2016-12-19
2016-12-20,7.705256944444444,2016-12-20
2016-12-21,7.776118055555556,2016-12-21
2016-12-22,7.698666666666667,2016-12-22
2016-12-23,7.432486111111111,2016-12-23
2016-12-24,7.309833333333334,2016-12-24
2016-12-25,7.2734097222222225,2016-12-25
2016-12-26,7.280194444444444,2016-12-26
2016-12-27,7.3902986111111115,2016-12-27
2016-12-28,7.399208333333334,2016-12-28
2016-12-29,8.363229166666667,2016-12-29
2016-12-30,8.406506944444443,2016-12-30
2016-12-31,8.199437499999998,2016-12-31
2017-01-01,8.345736111111112,2017-01-01
2017-01-02,8.282555555555556,2017-01-02
2017-01-03,8.929395833333333,2017-01-03
2017-01-04,10.67,2017-01-04
2017-01-05,10.8508125,2017-01-05
2017-01-06,10.11963888888889,2017-01-06
2017-01-07,9.833180555555556,2017-01-07
2017-01-08,10.072159722222223,2017-01-08
2017-01-09,10.512243055555556,2017-01-09
2017-01-10,10.525576388888888,2017-01-10
2017-01-11,10.173590277777777,2017-01-11
2017-01-12,9.774097222222222,2017-01-12
2017-01-13,9.857631944444444,2017-01-13
2017-01-14,9.862555555555556,2017-01-14
2017-01-15,9.928090277777779,2017-01-15
2017-01-16,9.725333333333333,2017-01-16
2017-01-17,10.063958333333334,2017-01-17
2017-01-18,10.323131944444444,2017-01-18
2017-01-19,10.368625,2017-01-19
2017-01-20,10.614680555555555,2017-01-20
2017-01-21,10.757618055555556,2017-01-21
2017-01-22,10.832638888888889,2017-01-22
2017-01-23,10.755583333333332,2017-01-23
2017-01-24,10.689625,2017-01-24
2017-01-25,10.599743055555555,2017-01-25
2017-01-26,10.635708333333334,2017-01-26
2017-01-27,10.606472222222221,2017-01-27
2017-01-28,10.654847222222221,2017-01-28
2017-01-29,10.609354166666668,2017-01-29
2017-01-30,10.586034722222221,2017-01-30
2017-01-31,10.713645833333333,2017-01-31
2017-02-01,10.709888888888889,2017-02-01
2017-02-02,10.74951388888889,2017-02-02
2017-02-03,10.860944444444444,2017-02-03
2017-02-04,11.248979166666667,2017-02-04
2017-02-05,11.287951388888889,2017-02-05
2017-02-06,11.260972222222223,2017-02-06
2017-02-07,11.4169375,2017-02-07
2017-02-08,11.452944444444446,2017-02-08
2017-02-09,11.227979166666666,2017-02-09
2017-02-10,11.081944444444444,2017-02-10
2017-02-11,11.340194444444444,2017-02-11
2017-02-12,11.387097222222224,2017-02-12
2017-02-13,11.341118055555555,2017-02-13
2017-02-14,12.306291666666668,2017-02-14
2017-02-15,12.91086111111111,2017-02-15
2017-02-16,12.8171875,2017-02-16
2017-02-17,12.841624999999999,2017-02-17
2017-02-18,12.838000000000001,2017-02-18
2017-02-19,12.867916666666666,2017-02-19
2017-02-20,12.818423611111111,2017-02-20
2017-02-21,12.674729166666667,2017-02-21
2017-02-22,12.777888888888889,2017-02-22
2017-02-23,12.815777777777779,2017-02-23
2017-02-24,13.137215277777777,2017-02-24
2017-02-25,13.411902777777778,2017-02-25
2017-02-26,13.861145833333333,2017-02-26
2017-02-27,14.858868055555556,2017-02-27
2017-02-28,15.902520833333334,2017-02-28
2017-03-01,16.180472222222225,2017-03-01
2017-03-02,18.24897222222222,2017-03-02
2017-03-03,19.85890277777778,2017-03-03
2017-03-04,19.586715277777778,2017-03-04
2017-03-05,18.81254861111111,2017-03-05
2017-03-06,19.572958333333336,2017-03-06
2017-03-07,19.32657638888889,2017-03-07
2017-03-08,18.032152777777778,2017-03-08
2017-03-09,17.443375,2017-03-09
2017-03-10,18.304513888888888,2017-03-10
2017-03-11,19.7579375,2017-03-11
2017-03-12,22.57803472222222,2017-03-12
2017-03-13,28.0236875,2017-03-13
2017-03-14,28.702055555555553,2017-03-14
2017-03-15,30.585694444444446,2017-03-15
2017-03-16,40.629618055555554,2017-03-16
2017-03-17,45.93895138888889,2017-03-17
2017-03-18,38.826347222222225,2017-03-18
2017-03-19,39.57718055555556,2017-03-19
2017-03-20,43.35711111111111,2017-03-20
2017-03-21,42.90202083333333,2017-03-21
2017-03-22,41.02138194444444,2017-03-22
2017-03-23,41.45313194444444,2017-03-23
2017-03-24,46.0801875,2017-03-24
2017-03-25,49.8383125,2017-03-25
2017-03-26,50.387458333333335,2017-03-26
2017-03-27,50.27088194444444,2017-03-27
2017-03-28,49.63040972222222,2017-03-28
2017-03-29,52.23131944444445,2017-03-29
2017-03-30,52.82655555555556,2017-03-30
2017-03-31,49.93043055555556,2017-03-31
2017-04-01,50.13823611111111,2017-04-01
2017-04-02,49.919666666666664,2017-04-02
2017-04-03,45.862381944444444,2017-04-03
2017-04-04,43.654402777777776,2017-04-04
2017-04-05,46.04026388888889,2017-04-05
2017-04-06,44.54411111111111,2017-04-06
2017-04-07,43.19422222222222,2017-04-07
2017-04-08,44.657875,2017-04-08
2017-04-09,44.021520833333334,2017-04-09
2017-04-10,43.62643055555555,2017-04-10
2017-04-11,44.13655555555555,2017-04-11
2017-04-12,44.3594375,2017-04-12
2017-04-13,48.720277777777774,2017-04-13
2017-04-14,48.07192361111112,2017-04-14
2017-04-15,47.65902777777778,2017-04-15
2017-04-16,48.393874999999994,2017-04-16
2017-04-17,48.13927777777778,2017-04-17
2017-04-18,49.014111111111106,2017-04-18
2017-04-19,49.98209722222222,2017-04-19
2017-04-20,48.749652777777776,2017-04-20
2017-04-21,49.0665625,2017-04-21
2017-04-22,48.78966666666666,2017-04-22
2017-04-23,48.68868055555556,2017-04-23
2017-04-24,49.90218055555555,2017-04-24
2017-04-25,50.30484722222222,2017-04-25
2017-04-26,52.13690277777778,2017-04-26
2017-04-27,57.91727083333333,2017-04-27
2017-04-28,66.91638194444444,2017-04-28
2017-04-29,71.02050694444445,2017-04-29
2017-04-30,72.77534722222222,2017-04-30
2017-05-01,79.93359722222223,2017-05-01
2017-05-02,77.83090277777778,2017-05-02
2017-05-03,78.1998125,2017-05-03
2017-05-04,86.76821527777777,2017-05-04
2017-05-05,94.82629861111111,2017-05-05
2017-05-06,93.32099305555556,2017-05-06
2017-05-07,95.44625,2017-05-07
2017-05-08,90.48667361111112,2017-05-08
2017-05-09,85.78507638888888,2017-05-09
2017-05-10,89.07793055555555,2017-05-10
2017-05-11,88.66054166666666,2017-05-11
2017-05-12,88.34961111111112,2017-05-12
2017-05-13,86.31431944444444,2017-05-13
2017-05-14,88.43217361111111,2017-05-14
2017-05-15,90.92847222222223,2017-05-15
2017-05-16,89.81563194444445,2017-05-16
2017-05-17,87.06608333333334,2017-05-17
2017-05-18,91.99449305555557,2017-05-18
2017-05-19,112.3054375,2017-05-19
2017-05-20,125.38780555555556,2017-05-20
2017-05-21,133.6707986111111,2017-05-21
2017-05-22,160.43993055555555,2017-05-22
2017-05-23,165.45333333333332,2017-05-23
2017-05-24,186.7581875,2017-05-24
2017-05-25,197.98009027777778,2017-05-25
2017-05-26,180.52918055555554,2017-05-26
2017-05-27,153.71311805555555,2017-05-27
2017-05-28,172.25861805555556,2017-05-28
2017-05-29,179.85875000000001,2017-05-29
2017-05-30,206.2359513888889,2017-05-30
2017-05-31,225.2335,2017-05-31
2017-06-01,223.86299999999997,2017-06-01
2017-06-02,221.55145833333333,2017-06-02
2017-06-03,223.57234027777776,2017-06-03
2017-06-04,238.29271527777777,2017-06-04
2017-06-05,246.41679861111112,2017-06-05
2017-06-06,257.76631249999997,2017-06-06
2017-06-07,261.57444444444445,2017-06-07
2017-06-08,256.8367986111111,2017-06-08
2017-06-09,267.6052013888889,2017-06-09
2017-06-10,297.9509652777778,2017-06-10
2017-06-11,338.22633333333334,2017-06-11
2017-06-12,365.11524305555554,2017-06-12
2017-06-13,382.5656666666667,2017-06-13
2017-06-14,372.86815277777777,2017-06-14
2017-06-15,317.19359722222225,2017-06-15
2017-06-16,343.9824791666667,2017-06-16
2017-06-17,356.77830555555556,2017-06-17
2017-06-18,362.53227083333337,2017-06-18
2017-06-19,355.7562152777778,2017-06-19
2017-06-20,358.80414583333334,2017-06-20
2017-06-21,325.68758333333335,2017-06-21
2017-06-22,320.95402777777775,2017-06-22
2017-06-23,325.73229166666664,2017-06-23
2017-06-24,320.79095138888886,2017-06-24
2017-06-25,295.2712847222222,2017-06-25
2017-06-26,257.4141388888889,2017-06-26
2017-06-27,243.72315277777778,2017-06-27
2017-06-28,290.7910694444445,2017-06-28
2017-06-29,306.65661111111115,2017-06-29
2017-06-30,290.9876458333334,2017-06-30
2017-07-01,268.73808333333335,2017-07-01
2017-07-02,269.4531666666667,2017-07-02
2017-07-03,278.5098472222222,2017-07-03
2017-07-04,276.6178888888889,2017-07-04
2017-07-05,264.57216666666665,2017-07-05
2017-07-06,266.16080555555556,2017-07-06
2017-07-07,254.14281250000002,2017-07-07
2017-07-08,240.5250902777778,2017-07-08
2017-07-09,244.15771527777775,2017-07-09
2017-07-10,225.78502083333333,2017-07-10
2017-07-11,195.57069444444443,2017-07-11
2017-07-12,203.28716666666668,2017-07-12
2017-07-13,209.10566666666665,2017-07-13
2017-07-14,196.71025694444447,2017-07-14
2017-07-15,183.8301875,2017-07-15
2017-07-16,154.90753472222224,2017-07-16
2017-07-17,170.50093055555556,2017-07-17
2017-07-18,200.91180555555556,2017-07-18
2017-07-19,221.10063194444442,2017-07-19
2017-07-20,218.51363194444446,2017-07-20
2017-07-21,224.93131944444443,2017-07-21
2017-07-22,224.7454375,2017-07-22
2017-07-23,228.90154166666665,2017-07-23
2017-07-24,227.04338194444443,2017-07-24
2017-07-25,210.7189375,2017-07-25
2017-07-26,199.75874305555558,2017-07-26
2017-07-27,201.94898611111108,2017-07-27
2017-07-28,196.99648611111112,2017-07-28
2017-07-29,187.5393402777778,2017-07-29
2017-07-30,198.83506944444446,2017-07-30
2017-07-31,195.95532638888886,2017-07-31
2017-08-01,216.72546527777777,2017-08-01
2017-08-02,221.4784027777778,2017-08-02
2017-08-03,222.64052777777778,2017-08-03
2017-08-04,222.92359027777775,2017-08-04
2017-08-05,237.2117847222222,2017-08-05
2017-08-06,259.48480555555557,2017-08-06
2017-08-07,265.65654861111113,2017-08-07
2017-08-08,281.0584513888889,2017-08-08
2017-08-09,298.5501458333334,2017-08-09
2017-08-10,300.75875694444443,2017-08-10
2017-08-11,300.1119375,2017-08-11
2017-08-12,312.3370486111111,2017-08-12
2017-08-13,294.9029444444444,2017-08-13
2017-08-14,298.8603888888889,2017-08-14
2017-08-15,287.43148611111116,2017-08-15
2017-08-16,293.2096388888889,2017-08-16
2017-08-17,303.4641736111111,2017-08-17
2017-08-18,299.1707361111111,2017-08-18
2017-08-19,292.5672152777778,2017-08-19
2017-08-20,292.92035416666664,2017-08-20
2017-08-21,318.2140694444445,2017-08-21
2017-08-22,311.03859027777776,2017-08-22
2017-08-23,318.784,2017-08-23
2017-08-24,321.00082638888887,2017-08-24
2017-08-25,331.2967361111111,2017-08-25
2017-08-26,331.33,2017-08-26
2017-08-27,336.47676388888885,2017-08-27
2017-08-28,343.48531249999996,2017-08-28
2017-08-29,360.8223541666667,2017-08-29
2017-08-30,379.68740972222224,2017-08-30
2017-08-31,385.42220833333334,2017-08-31
2017-09-01,392.6529930555556,2017-09-01
2017-09-02,361.37465972222225,2017-09-02
2017-09-03,352.49474305555555,2017-09-03
2017-09-04,314.62097222222224,2017-09-04
2017-09-05,302.1974513888889,2017-09-05
2017-09-06,331.39888194444444,2017-09-06
2017-09-07,331.33025694444444,2017-09-07
2017-09-08,320.2371527777778,2017-09-08
2017-09-09,303.35960416666666,2017-09-09
2017-09-10,294.8769791666667,2017-09-10
2017-09-11,297.0441319444444,2017-09-11
2017-09-12,302.6504791666667,2017-09-12
2017-09-13,275.5504583333333,2017-09-13
2017-09-14,253.84965972222224,2017-09-14
2017-09-15,237.22953472222224,2017-09-15
2017-09-16,258.0565277777778,2017-09-16
2017-09-17,254.07774305555557,2017-09-17
2017-09-18,288.2239375,2017-09-18
2017-09-19,286.90654861111113,2017-09-19
2017-09-20,285.81459027777777,2017-09-20
2017-09-21,275.5330972222222,2017-09-21
2017-09-22,261.81190972222225,2017-09-22
2017-09-23,274.619375,2017-09-23
2017-09-24,284.5867361111111,2017-09-24
2017-09-25,290.3596875,2017-09-25
2017-09-26,291.23122916666665,2017-09-26
2017-09-27,296.2070625,2017-09-27
2017-09-28,303.8764791666667,2017-09-28
2017-09-29,291.64374305555555,2017-09-29
2017-09-30,299.22753472222223,2017-09-30
2017-10-01,299.149875,2017-10-01
2017-10-02,298.87441666666666,2017-10-02
2017-10-03,292.6493888888889,2017-10-03
2017-10-04,292.6683263888889,2017-10-04
2017-10-05,292.16728472222223,2017-10-05
2017-10-06,299.4595277777778,2017-10-06
2017-10-07,308.0328680555556,2017-10-07
2017-10-08,311.1072013888889,2017-10-08
2017-10-09,301.3094097222222,2017-10-09
2017-10-10,298.7556319444444,2017-10-10
2017-10-11,300.6858090277778,2017-10-11
2017-10-12,304.72670833333336,2017-10-12
2017-10-13,325.71231944444446,2017-10-13
2017-10-14,340.9895208333333,2017-10-14
2017-10-15,331.8707847222222,2017-10-15
2017-10-16,339.36995138888886,2017-10-16
2017-10-17,323.9876527777778,2017-10-17
2017-10-18,304.7222013888889,2017-10-18
2017-10-19,309.20680555555555,2017-10-19
2017-10-20,306.2982083333333,2017-10-20
2017-10-21,297.9102986111111,2017-10-21
2017-10-22,296.3781666666667,2017-10-22
2017-10-23,285.6907777777778,2017-10-23
2017-10-24,303.3845416666667,2017-10-24
2017-10-25,295.9540138888889,2017-10-25
2017-10-26,296.9169791666667,2017-10-26
2017-10-27,296.37220138888887,2017-10-27
2017-10-28,294.990625,2017-10-28
2017-10-29,301.66798958333334,2017-10-29
2017-10-30,306.649625,2017-10-30
2017-10-31,307.14047916666664,2017-10-31
2017-11-01,299.67668055555555,2017-11-01
2017-11-02,285.0676388888889,2017-11-02
2017-11-03,295.4354236111111,2017-11-03
2017-11-04,300.8426284722222,2017-11-04
2017-11-05,297.96886805555556,2017-11-05
2017-11-06,297.7703680555556,2017-11-06
2017-11-07,295.8903125,2017-11-07
2017-11-08,300.7295555555556,2017-11-08
2017-11-09,317.9693263888889,2017-11-09
2017-11-10,310.95910416666663,2017-11-10
2017-11-11,306.4353958333333,2017-11-11
2017-11-12,308.75002083333334,2017-11-12
2017-11-13,313.8957986111111,2017-11-13
2017-11-14,327.2420138888889,2017-11-14
2017-11-15,333.7945,2017-11-15
2017-11-16,328.48133333333334,2017-11-16
2017-11-17,331.0285486111111,2017-11-17
2017-11-18,334.32497916666665,2017-11-18
2017-11-19,354.74608333333333,2017-11-19
2017-11-20,361.21535416666666,2017-11-20
2017-11-21,365.18936111111117,2017-11-21
2017-11-22,366.5685902777778,2017-11-22
2017-11-23,398.63908333333336,2017-11-23
2017-11-24,430.7169513888889,2017-11-24
2017-11-25,468.6381597222222,2017-11-25
2017-11-26,459.0568402777778,2017-11-26
2017-11-27,475.2395902777778,2017-11-27
2017-11-28,470.95493749999997,2017-11-28
2017-11-29,472.04175,2017-11-29
2017-11-30,436.47459722222226,2017-11-30
2017-12-01,441.9278333333333,2017-12-01
2017-12-02,462.38997916666665,2017-12-02
2017-12-03,468.1642638888889,2017-12-03
2017-12-04,462.0970208333333,2017-12-04
2017-12-05,462.3407569444444,2017-12-05
2017-12-06,443.65072222222227,2017-12-06
2017-12-07,422.1280486111111,2017-12-07
2017-12-08,439.28664583333335,2017-12-08
2017-12-09,482.3814722222222,2017-12-09
2017-12-10,450.38300694444445,2017-12-10
2017-12-11,469.54875,2017-12-11
2017-12-12,564.9549375,2017-12-12
2017-12-13,675.1005069444444,2017-12-13
2017-12-14,711.3914930555555,2017-12-14
2017-12-15,669.2325972222222,2017-12-15
2017-12-16,696.8042222222222,2017-12-16
2017-12-17,719.2051805555556,2017-12-17
2017-12-18,733.9883819444444,2017-12-18
2017-12-19,822.8156319444445,2017-12-19
2017-12-20,793.7089375,2017-12-20
2017-12-21,807.9766805555555,2017-12-21
2017-12-22,673.7230416666667,2017-12-22
2017-12-23,728.0119097222222,2017-12-23
2017-12-24,668.6625069444444,2017-12-24
2017-12-25,727.2510416666667,2017-12-25
2017-12-26,746.1758263888888,2017-12-26
2017-12-27,746.635138888889,2017-12-27
2017-12-28,704.0032569444444,2017-12-28
2017-12-29,734.4639930555555,2017-12-29
2017-12-30,716.2070347222223,2017-12-30
2017-12-31,715.7346041666666,2017-12-31
2018-01-01,740.5825763888888,2018-01-01
2018-01-02,841.7398194444445,2018-01-02
2018-01-03,883.4735763888889,2018-01-03
2018-01-04,947.8841597222222,2018-01-04
2018-01-05,976.5536111111111,2018-01-05
2018-01-06,991.7127291666667,2018-01-06
2018-01-07,1066.1481736111111,2018-01-07
2018-01-08,1142.2512708333334,2018-01-08
2018-01-09,1206.2231736111112,2018-01-09
2018-01-10,1308.1924722222222,2018-01-10
2018-01-11,1211.0079166666667,2018-01-11
2018-01-12,1219.444548611111,2018-01-12
2018-01-13,1341.0071458333334,2018-01-13
2018-01-14,1335.8257916666666,2018-01-14
2018-01-15,1316.8025763888888,2018-01-15
2018-01-16,1124.9028402777778,2018-01-16
2018-01-17,949.8436180555556,2018-01-17
2018-01-18,1037.6126736111112,2018-01-18
2018-01-19,1043.5789930555557,2018-01-19
2018-01-20,1116.5200625,2018-01-20
2018-01-21,1076.0217569444444,2018-01-21
2018-01-22,1016.8823125,2018-01-22
2018-01-23,975.5444583333333,2018-01-23
2018-01-24,1006.8381319444444,2018-01-24
2018-01-25,1059.5567708333333,2018-01-25
2018-01-26,1039.7090833333334,2018-01-26
2018-01-27,1072.636861111111,2018-01-27
2018-01-28,1170.73125,2018-01-28
2018-01-29,1168.3749722222221,2018-01-29
2018-01-30,1121.8697916666667,2018-01-30
2018-01-31,1079.9872569444444,2018-01-31
2018-02-01,1081.747048611111,2018-02-01
2018-02-02,909.2694166666666,2018-02-02
2018-02-03,937.8546458333333,2018-02-03
2018-02-04,896.9756249999999,2018-02-04
2018-02-05,766.8630208333333,2018-02-05
2018-02-06,675.9538541666667,2018-02-06
2018-02-07,796.2736736111111,2018-02-07
2018-02-08,809.9906875,2018-02-08
2018-02-09,829.6903472222223,2018-02-09
2018-02-10,868.0128819444445,2018-02-10
2018-02-11,821.8205833333333,2018-02-11
2018-02-12,853.9462222222222,2018-02-12
2018-02-13,843.2801527777777,2018-02-13
2018-02-14,881.1673680555556,2018-02-14
2018-02-15,928.696298611111,2018-02-15
2018-02-16,930.6712916666667,2018-02-16
2018-02-17,962.5919444444444,2018-02-17
2018-02-18,940.4065833333333,2018-02-18
2018-02-19,937.0060694444444,2018-02-19
2018-02-20,934.7992708333333,2018-02-20
2018-02-21,864.6687291666666,2018-02-21
2018-02-22,827.7115,2018-02-22
2018-02-23,842.7741944444444,2018-02-23
2018-02-24,841.649986111111,2018-02-24
2018-02-25,835.5900347222222,2018-02-25
2018-02-26,857.4216527777777,2018-02-26
2018-02-27,876.4965625,2018-02-27
2018-02-28,870.5607916666667,2018-02-28
2018-03-01,864.4388055555555,2018-03-01
2018-03-02,862.0681319444445,2018-03-02
2018-03-03,859.8346458333333,2018-03-03
2018-03-04,852.1155902777778,2018-03-04
2018-03-05,859.9483402777779,2018-03-05
2018-03-06,831.6317083333332,2018-03-06
2018-03-07,780.5545625000001,2018-03-07
2018-03-08,737.7650555555555,2018-03-08
2018-03-09,685.3691805555555,2018-03-09
2018-03-10,724.6310763888889,2018-03-10
2018-03-11,702.7324444444445,2018-03-11
2018-03-12,713.7423541666667,2018-03-12
2018-03-13,694.2075208333333,2018-03-13
2018-03-14,659.5722083333333,2018-03-14
2018-03-15,601.6610972222222,2018-03-15
2018-03-16,608.8899236111112,2018-03-16
2018-03-17,585.1981597222222,2018-03-17
2018-03-18,507.74725,2018-03-18
2018-03-19,538.9681666666667,2018-03-19
2018-03-20,543.5773888888889,2018-03-20
2018-03-21,569.1230208333334,2018-03-21
2018-03-22,548.1266666666667,2018-03-22
2018-03-23,523.3627638888889,2018-03-23
2018-03-24,537.4057430555556,2018-03-24
2018-03-25,521.766048611111,2018-03-25
2018-03-26,498.8171597222222,2018-03-26
2018-03-27,463.3265069444445,2018-03-27
2018-03-28,450.7747847222222,2018-03-28
2018-03-29,413.74370138888895,2018-03-29
2018-03-30,384.6191597222222,2018-03-30
2018-03-31,401.08662499999997,2018-03-31
2018-04-01,381.4777569444444,2018-04-01
2018-04-02,384.78881944444447,2018-04-02
2018-04-03,401.09149305555553,2018-04-03
2018-04-04,390.6936597222222,2018-04-04
2018-04-05,377.84510416666666,2018-04-05
2018-04-06,371.7214930555555,2018-04-06
2018-04-07,382.4423611111111,2018-04-07
2018-04-08,394.3364583333333,2018-04-08
2018-04-09,403.6494444444444,2018-04-09
2018-04-10,402.2063541666667,2018-04-10
2018-04-11,418.6862777777778,2018-04-11
2018-04-12,449.8311597222222,2018-04-12
2018-04-13,503.8985069444444,2018-04-13
2018-04-14,501.10383333333334,2018-04-14
2018-04-15,519.2,2018-04-15
2018-04-16,510.8207361111111,2018-04-16
2018-04-17,510.46918055555557,2018-04-17
2018-04-18,513.3652569444445,2018-04-18
2018-04-19,542.6373263888889,2018-04-19
2018-04-20,584.0023402777778,2018-04-20
2018-04-21,604.6180763888889,2018-04-21
2018-04-22,621.4459722222222,2018-04-22
2018-04-23,637.4312152777777,2018-04-23
2018-04-24,688.6903263888888,2018-04-24
2018-04-25,643.5576736111111,2018-04-25
2018-04-26,630.7702013888888,2018-04-26
2018-04-27,664.5113194444444,2018-04-27
2018-04-28,676.0690138888889,2018-04-28
2018-04-29,683.4961041666667,2018-04-29
2018-04-30,680.8263958333333,2018-04-30
2018-05-01,656.9715902777778,2018-05-01
2018-05-02,677.2626458333333,2018-05-02
2018-05-03,732.2141006944444,2018-05-03
2018-05-04,780.5329444444444,2018-05-04
2018-05-05,806.8560555555555,2018-05-05
2018-05-06,787.9024930555556,2018-05-06
2018-05-07,740.7538819444445,2018-05-07
2018-05-08,748.0655555555555,2018-05-08
2018-05-09,738.2828194444445,2018-05-09
2018-05-10,752.4434236111111,2018-05-10
2018-05-11,697.8817291666667,2018-05-11
2018-05-12,671.2901180555556,2018-05-12
2018-05-13,703.6198194444445,2018-05-13
2018-05-14,717.4703333333333,2018-05-14
2018-05-15,722.9952430555555,2018-05-15
2018-05-16,694.7543472222222,2018-05-16
2018-05-17,698.7308819444444,2018-05-17
2018-05-18,678.1271736111111,2018-05-18
2018-05-19,696.4436180555556,2018-05-19
2018-05-20,709.8290625,2018-05-20
2018-05-21,704.5033680555555,2018-05-21
2018-05-22,678.7456041666667,2018-05-22
2018-05-23,612.6088958333333,2018-05-23
2018-05-24,586.5450069444445,2018-05-24
2018-05-25,593.9776041666667,2018-05-25
2018-05-26,594.8554444444444,2018-05-26
2018-05-27,573.7180138888889,2018-05-27
2018-05-28,537.1631805555555,2018-05-28
2018-05-29,542.1255625,2018-05-29
2018-05-30,561.3879652777778,2018-05-30
2018-05-31,571.7762777777778,2018-05-31
2018-06-01,575.5495069444445,2018-06-01
2018-06-02,588.3685347222222,2018-06-02
2018-06-03,610.9146597222223,2018-06-03
2018-06-04,601.0162083333333,2018-06-04
2018-06-05,594.0107083333334,2018-06-05
2018-06-06,603.8447916666667,2018-06-06
2018-06-07,606.8177152777778,2018-06-07
2018-06-08,600.3854444444445,2018-06-08
2018-06-09,602.173826388889,2018-06-09
2018-06-10,558.0941597222222,2018-06-10
2018-06-11,526.0128680555556,2018-06-11
2018-06-12,520.0247777777778,2018-06-12
2018-06-13,480.4268541666667,2018-06-13
2018-06-14,492.1947916666667,2018-06-14
2018-06-15,500.9819166666666,2018-06-15
2018-06-16,495.4708819444444,2018-06-16
2018-06-17,500.3877361111111,2018-06-17
2018-06-18,501.2608888888889,2018-06-18
2018-06-19,527.1149579649277,2018-06-19
2018-06-20,528.9178819444444,2018-06-20
2018-06-21,532.8697847222222,2018-06-21
2018-06-22,489.1152083333333,2018-06-22
2018-06-23,470.4401736111111,2018-06-23
2018-06-24,450.3550208333333,2018-06-24
2018-06-25,457.0011527777778,2018-06-25
2018-06-26,448.76491666666664,2018-06-26
2018-06-27,433.0144513888889,2018-06-27
2018-06-28,434.1012430555556,2018-06-28
2018-06-29,415.7509513888889,2018-06-29
2018-06-30,449.0254444444445,2018-06-30
2018-07-01,450.8695902777778,2018-07-01
2018-07-02,460.29125,2018-07-02
2018-07-03,472.05142361111115,2018-07-03
2018-07-04,466.3633541666667,2018-07-04
2018-07-05,469.14186111111115,2018-07-05
2018-07-06,465.7019027777778,2018-07-06
2018-07-07,467.9025833333333,2018-07-07
2018-07-08,486.64304166666665,2018-07-08
2018-07-09,479.7674027777778,2018-07-09
2018-07-10,448.1002847222222,2018-07-10
2018-07-11,437.78686805555554,2018-07-11
2018-07-12,432.6737777777778,2018-07-12
2018-07-13,435.39711805555555,2018-07-13
2018-07-14,433.55428472222223,2018-07-14
2018-07-15,442.68913194444445,2018-07-15
2018-07-16,463.85175694444445,2018-07-16
2018-07-17,480.3811597222222,2018-07-17
2018-07-18,494.49705555555556,2018-07-18
2018-07-19,473.3331319444444,2018-07-19
2018-07-20,457.9201739567403,2018-07-20
2018-07-21,459.5794583333334,2018-07-21
2018-07-22,462.4832986111111,2018-07-22
2018-07-23,459.0085902777778,2018-07-23
2018-07-24,467.49149305555557,2018-07-24
2018-07-25,474.2100347222222,2018-07-25
2018-07-26,475.55622916666664,2018-07-26
2018-07-27,464.51411111111105,2018-07-27
2018-07-28,467.6502013888889,2018-07-28
2018-07-29,465.58563888888887,2018-07-29
2018-07-30,458.8962569444444,2018-07-30
2018-07-31,440.4847013888889,2018-07-31
2018-08-01,420.25325000000004,2018-08-01
2018-08-02,414.96711111111114,2018-08-02
2018-08-03,409.53841666666665,2018-08-03
2018-08-04,411.63069444444443,2018-08-04
2018-08-05,406.1336180555556,2018-08-05
2018-08-06,406.8974861111111,2018-08-06
2018-08-07,402.5576388888889,2018-08-07
2018-08-08,366.10037500000004,2018-08-08
2018-08-09,361.25556944444446,2018-08-09
2018-08-10,355.75069444444443,2018-08-10
2018-08-11,318.61902083333337,2018-08-11
2018-08-12,321.5534861111111,2018-08-12
2018-08-13,308.0891111111111,2018-08-13
2018-08-14,263.6488611111111,2018-08-14
2018-08-15,287.3570208333333,2018-08-15
2018-08-16,287.95163194444444,2018-08-16
2018-08-17,299.91211805555554,2018-08-17
2018-08-18,302.7453541666667,2018-08-18
2018-08-19,296.75089583333335,2018-08-19
2018-08-20,290.68280555555555,2018-08-20
2018-08-21,277.73041666666666,2018-08-21
2018-08-22,281.09338888888885,2018-08-22
2018-08-23,273.01696000000004,2018-08-23
2018-08-24,,2018-08-24
2018-08-25,278.91300458715597,2018-08-25
2018-08-26,273.2505706134094,2018-08-26
2018-08-27,276.3911748053786,2018-08-27
2018-08-28,287.99959027777777,2018-08-28
2018-08-29,291.9003125,2018-08-29
2018-08-30,281.50698611111113,2018-08-30
2018-08-31,280.65231944444446,2018-08-31
2018-09-01,290.1225694444444,2018-09-01
2018-09-02,293.98312500000003,2018-09-02
2018-09-03,289.37106944444446,2018-09-03
2018-09-04,286.70074305555556,2018-09-04
2018-09-05,264.27447916666665,2018-09-05
2018-09-06,225.815,2018-09-06
2018-09-07,222.46677777777776,2018-09-07
2018-09-08,211.67653472222224,2018-09-08
2018-09-09,197.4496872828353,2018-09-09
2018-09-10,195.90747222222222,2018-09-10
2018-09-11,189.6004861111111,2018-09-11
2018-09-12,175.60370138888888,2018-09-12
2018-09-13,197.19243749999998,2018-09-13
2018-09-14,213.15370833333336,2018-09-14
2018-09-15,218.86943055555554,2018-09-15
2018-09-16,217.99520833333332,2018-09-16
2018-09-17,212.52737499999998,2018-09-17
2018-09-18,203.13040625,2018-09-18
2018-09-19,209.13697222222223,2018-09-19
2018-09-20,210.37615277777775,2018-09-20
2018-09-21,229.92695138888888,2018-09-21
2018-09-22,240.48401388888888,2018-09-22
2018-09-23,242.2516388888889,2018-09-23
2018-09-24,236.11283333333333,2018-09-24
2018-09-25,214.05684722222222,2018-09-25
2018-09-26,214.86325000000002,2018-09-26
2018-09-27,218.56143055555557,2018-09-27
2018-09-28,225.41294017094026,2018-09-28
2018-09-29,226.3528611111111,2018-09-29
2018-09-30,232.13018055555557,2018-09-30
2018-10-01,229.78048611111112,2018-10-01
2018-10-02,227.43205729166527,2018-10-02
2018-10-03,218.69150000000002,2018-10-03
2018-10-04,222.4831736111111,2018-10-04
2018-10-05,221.65405989439168,2018-10-05
2018-10-06,224.56375,2018-10-06
2018-10-07,222.74780555555557,2018-10-07
2018-10-08,225.84884027777778,2018-10-08
2018-10-09,226.71471212121182,2018-10-09
2018-10-10,223.556,2018-10-10
2018-10-11,199.42264062499999,2018-10-11
2018-10-12,194.11156944444443,2018-10-12
2018-10-13,196.73957638888888,2018-10-13
2018-10-14,197.13275,2018-10-14
2018-10-15,200.57352083333333,2018-10-15
2018-10-16,203.94,2018-10-16
2018-10-17,204.14225694444443,2018-10-17
2018-10-18,201.6435763888889,2018-10-18
2018-10-19,199.72944444444445,2018-10-19
2018-10-20,202.09384722222222,2018-10-20
2018-10-21,203.6087986111111,2018-10-21
2018-10-22,201.35186805555557,2018-10-22
2018-10-23,200.0332361111111,2018-10-23
2018-10-24,201.25929166666668,2018-10-24
2018-10-25,199.7254513888889,2018-10-25
2018-10-26,200.26346480622084,2018-10-26
2018-10-27,201.07543055555556,2018-10-27
2018-10-28,201.6260138888889,2018-10-28
2018-10-29,198.25062847222225,2018-10-29
2018-10-30,194.4717361111111,2018-10-30
2018-10-31,195.29340972222224,2018-10-31
2018-11-01,196.68814583333332,2018-11-01
2018-11-02,199.04467361111114,2018-11-02
2018-11-03,198.84302083333336,2018-11-03
2018-11-04,202.69694444444443,2018-11-04
2018-11-05,207.80465972222223,2018-11-05
2018-11-06,212.04461805555556,2018-11-06
2018-11-07,218.12883333333335,2018-11-07
2018-11-08,213.3021875,2018-11-08
2018-11-09,209.52197916666668,2018-11-09
2018-11-10,210.10940277777777,2018-11-10
2018-11-11,209.27563194444443,2018-11-11
2018-11-12,209.4753472222222,2018-11-12
2018-11-13,205.8669375,2018-11-13
2018-11-14,193.02681249999998,2018-11-14
2018-11-15,174.77851309707242,2018-11-15
2018-11-16,,2018-11-16
2018-11-17,,2018-11-17
2018-11-18,,2018-11-18
2018-11-19,,2018-11-19
2018-11-20,,2018-11-20
2018-11-21,,2018-11-21
2018-11-22,,2018-11-22
2018-11-23,,2018-11-23
2018-11-24,,2018-11-24
2018-11-25,,2018-11-25
2018-11-26,,2018-11-26
2018-11-27,,2018-11-27
2018-11-28,,2018-11-28
2018-11-29,,2018-11-29
2018-11-30,,2018-11-30
2018-12-01,,2018-12-01
2018-12-02,,2018-12-02
2018-12-03,,2018-12-03
2018-12-04,,2018-12-04
2018-12-05,,2018-12-05
2018-12-06,,2018-12-06
2018-12-07,92.16937106918239,2018-12-07
2018-12-08,89.75152083333333,2018-12-08
2018-12-09,92.01279861111111,2018-12-09
2018-12-10,90.6114375,2018-12-10
2018-12-11,87.74863194444444,2018-12-11
2018-12-12,88.55668750000001,2018-12-12
2018-12-13,87.99706944444445,2018-12-13
2018-12-14,84.45934722222222,2018-12-14
2018-12-15,82.84060416666667,2018-12-15
2018-12-16,85.15738194444445,2018-12-16
2018-12-17,88.23481944444444,2018-12-17
2018-12-18,93.716756944445,2018-12-18
2018-12-19,102.64416365740765,2018-12-19
2018-12-20,107.22911111111112,2018-12-20
2018-12-21,112.28415277777778,2018-12-21
2018-12-22,110.00152083333333,2018-12-22
2018-12-23,127.8509375,2018-12-23
2018-12-24,145.14007777777778,2018-12-24
2018-12-25,127.75075694444445,2018-12-25
2018-12-26,129.53761805555555,2018-12-26
2018-12-27,122.77890277777777,2018-12-27
2018-12-28,122.03465277777778,2018-12-28
2018-12-29,136.66711805555556,2018-12-29
2018-12-30,135.8870902777778,2018-12-30
2018-12-31,134.55152083333334,2018-12-31
2019-01-01,133.6532777777778,2019-01-01
2019-01-02,146.63246527777778,2019-01-02
2019-01-03,149.51311805555557,2019-01-03
2019-01-04,150.49942361111113,2019-01-04
2019-01-05,156.49508333333335,2019-01-05
2019-01-06,153.13575,2019-01-06
2019-01-07,153.19864583333333,2019-01-07
2019-01-08,149.40647916666666,2019-01-08
2019-01-09,150.42818055555554,2019-01-09
2019-01-10,135.20583333333332,2019-01-10
2019-01-11,126.152125,2019-01-11
2019-01-12,125.77097916666666,2019-01-12
2019-01-13,121.31319444444445,2019-01-13
2019-01-14,120.94922916666665,2019-01-14
2019-01-15,126.25232638888889,2019-01-15
2019-01-16,121.69184027777777,2019-01-16
2019-01-17,121.07226388888888,2019-01-17
2019-01-18,120.78847916666668,2019-01-18
2019-01-19,122.67290972222222,2019-01-19
2019-01-20,120.14120138888887,2019-01-20
2019-01-21,116.45001388888888,2019-01-21
2019-01-22,116.9137986111111,2019-01-22
2019-01-23,117.4914861111111,2019-01-23
2019-01-24,115.83761805555557,2019-01-24
2019-01-25,115.55424305555555,2019-01-25
2019-01-26,115.62638888888888,2019-01-26
2019-01-27,113.75500694444443,2019-01-27
2019-01-28,105.5538611111111,2019-01-28
2019-01-29,104.25255555555555,2019-01-29
2019-01-30,105.95265277777779,2019-01-30
2019-01-31,106.81803472222222,2019-01-31
2019-02-01,105.1591111111111,2019-02-01
2019-02-02,106.16252771618626,2019-02-02
2019-02-03,107.10472550382211,2019-02-03
2019-02-04,106.14647586155675,2019-02-04
2019-02-05,105.96713194444445,2019-02-05
2019-02-06,102.42630555555556,2019-02-06
2019-02-07,103.64979861111111,2019-02-07
2019-02-08,109.07638194444444,2019-02-08
2019-02-09,117.68696527777779,2019-02-09
2019-02-10,117.22297916666666,2019-02-10
2019-02-11,119.71438888888889,2019-02-11
2019-02-12,119.46013203613622,2019-02-12
2019-02-13,121.27275,2019-02-13
2019-02-14,120.81088194444445,2019-02-14
2019-02-15,119.30666666666667,2019-02-15
2019-02-16,121.68771905424201,2019-02-16
2019-02-17,124.87739583333334,2019-02-17
2019-02-18,139.5355763888889,2019-02-18
2019-02-19,145.676625,2019-02-19
2019-02-20,144.00286805555555,2019-02-20
2019-02-21,144.15236805555557,2019-02-21
2019-02-22,145.81854340277778,2019-02-22
2019-02-23,149.57688194444444,2019-02-23
2019-02-24,152.51848611111112,2019-02-24
2019-02-25,137.23390509259258,2019-02-25
2019-02-26,135.88822916666666,2019-02-26
2019-02-27,135.59813064628213,2019-02-27
2019-02-28,135.66299305555555,2019-02-28
2019-03-01,135.4787986111111,2019-03-01
2019-03-02,132.91268241834607,2019-03-02
2019-03-03,132.31148611111112,2019-03-03
2019-03-04,126.15852083333333,2019-03-04
2019-03-05,130.327810515873,2019-03-05
2019-03-06,136.39517729750617,2019-03-06
2019-03-07,136.99976388888888,2019-03-07
2019-03-08,135.67627777777778,2019-03-08
2019-03-09,135.76455555555555,2019-03-09
2019-03-10,134.97091666666665,2019-03-10
2019-03-11,132.88760925882255,2019-03-11
2019-03-12,131.84650694444446,2019-03-12
2019-03-13,131.51177083333334,2019-03-13
2019-03-14,131.22601388888887,2019-03-14
2019-03-15,133.92927083333333,2019-03-15
2019-03-16,140.3102638888889,2019-03-16
2019-03-17,138.19215277777778,2019-03-17
2019-03-18,137.6432986111111,2019-03-18
2019-03-19,137.37558333333334,2019-03-19
2019-03-20,137.4321388888889,2019-03-20
2019-03-21,136.89579861111113,2019-03-21
2019-03-22,134.54333333333332,2019-03-22
2019-03-23,136.34557411273485,2019-03-23
2019-03-24,135.6228125,2019-03-24
2019-03-25,134.32946527777779,2019-03-25
2019-03-26,132.97827083333334,2019-03-26
2019-03-27,137.11113194444445,2019-03-27
2019-03-28,137.58813194444446,2019-03-28
2019-03-29,137.4,2019-03-29
2019-03-30,142.08828114126652,2019-03-30
2019-03-31,141.01489583333336,2019-03-31
2019-04-01,141.63784337673604,2019-04-01
2019-04-02,153.02836920200312,2019-04-02
2019-04-03,170.00990691048383,2019-04-03
2019-04-04,160.29563194444444,2019-04-04
2019-04-05,163.06922916666667,2019-04-05
2019-04-06,165.2389236111111,2019-04-06
2019-04-07,168.5209236111111,2019-04-07
2019-04-08,180.53827777777778,2019-04-08
2019-04-09,177.57256944444444,2019-04-09
2019-04-10,179.9193671766342,2019-04-10
2019-04-11,168.0031234622919,2019-04-11
2019-04-12,165.04,2019-04-12
2019-04-13,164.29730876216968,2019-04-13
2019-04-14,164.03379166666667,2019-04-14
2019-04-15,165.27379166666668,2019-04-15
2019-04-16,163.24190972222223,2019-04-16
2019-04-17,166.3500347222222,2019-04-17
2019-04-18,172.4463142627956,2019-04-18
2019-04-19,172.5888888888889,2019-04-19
2019-04-20,174.07867361111113,2019-04-20
2019-04-21,170.50329861111112,2019-04-21
2019-04-22,170.91326925715285,2019-04-22
2019-04-23,173.5312847222222,2019-04-23
2019-04-24,165.91714583333334,2019-04-24
2019-04-25,163.1334652777778,2019-04-25
2019-04-26,151.72627826086958,2019-04-26
2019-04-27,154.52105555555556,2019-04-27
2019-04-28,154.91384722222222,2019-04-28
2019-04-29,152.8319236111111,2019-04-29
2019-04-30,156.02245138888887,2019-04-30
2019-05-01,159.1750625,2019-05-01
2019-05-02,158.42333298768227,2019-05-02
2019-05-03,163.59991666666667,2019-05-03
2019-05-04,162.55374305555557,2019-05-04
2019-05-05,161.47131944444445,2019-05-05
2019-05-06,165.0922013888889,2019-05-06
2019-05-07,174.47148862965776,2019-05-07
2019-05-08,167.99754166666665,2019-05-08
2019-05-09,169.01927777777777,2019-05-09
2019-05-10,170.24,2019-05-10
2019-05-11,186.91545264623957,2019-05-11
2019-05-12,191.58435416666666,2019-05-12
2019-05-13,194.49492361111112,2019-05-13
2019-05-14,207.46365277777775,2019-05-14
2019-05-15,233.48313888888887,2019-05-15
2019-05-16,261.2650185185185,2019-05-16
2019-05-17,238.47920138888887,2019-05-17
2019-05-18,238.51591666666667,2019-05-18
2019-05-19,253.93602430555555,2019-05-19
2019-05-20,249.678875,2019-05-20
2019-05-21,253.7201736111111,2019-05-21
2019-05-22,253.78283333333334,2019-05-22
2019-05-23,241.02689583333333,2019-05-23
2019-05-24,249.79926820228658,2019-05-24
2019-05-25,252.37950694444444,2019-05-25
2019-05-26,252.82963194444443,2019-05-26
2019-05-27,269.25388888888887,2019-05-27
2019-05-28,270.81231249999996,2019-05-28
2019-05-29,269.36524305555554,2019-05-29
2019-05-30,275.33590972222225,2019-05-30
2019-05-31,254.4975,2019-05-31
2019-06-01,266.971713091922,2019-06-01
2019-06-02,268.93889583333333,2019-06-02
2019-06-03,262.45391666666666,2019-06-03
2019-06-04,244.66090277777778,2019-06-04
2019-06-05,243.92054861111112,2019-06-05
2019-06-06,244.0847083333333,2019-06-06
2019-06-07,249.13475694444443,2019-06-07
2019-06-08,247.00372916666666,2019-06-08
2019-06-09,238.34397916666668,2019-06-09
2019-06-10,239.608375,2019-06-10
2019-06-11,243.99829166666666,2019-06-11
2019-06-12,251.41290972222225,2019-06-12
2019-06-13,262.5,2019-06-13
2019-06-14,256.79696378830084,2019-06-14
2019-06-15,266.274875,2019-06-15
2019-06-16,271.1734652777778,2019-06-16
2019-06-17,271.7429236111111,2019-06-17
2019-06-18,267.36645833333336,2019-06-18
2019-06-19,267.1848541666667,2019-06-19
2019-06-20,269.33549305555556,2019-06-20
2019-06-21,286.8144652777778,2019-06-21
2019-06-22,306.6146388888889,2019-06-22
2019-06-23,310.54055555555556,2019-06-23
2019-06-24,307.1194722222222,2019-06-24
2019-06-25,311.45306944444445,2019-06-25
2019-06-26,335.21401041666667,2019-06-26
2019-06-27,310.2030625,2019-06-27
2019-06-28,302.4992777777778,2019-06-28
2019-06-29,304.8800694444444,2019-06-29
2019-06-30,306.2813541666667,2019-06-30
2019-07-01,290.60999999999996,2019-07-01
2019-07-02,285.3961795407098,2019-07-02
2019-07-03,294.93882638888886,2019-07-03
2019-07-04,295.51227083333333,2019-07-04
2019-07-05,288.43541666666664,2019-07-05
2019-07-06,292.0885833333333,2019-07-06
2019-07-07,294.5595486111111,2019-07-07
2019-07-08,307.39000000000004,2019-07-08
2019-07-09,,2019-07-09
2019-07-10,,2019-07-10
2019-07-11,,2019-07-11
2019-07-12,,2019-07-12
2019-07-13,,2019-07-13
2019-07-14,,2019-07-14
2019-07-15,,2019-07-15
2019-07-16,217.3996379435192,2019-07-16
2019-07-17,205.93840624999999,2019-07-17
2019-07-18,218.43726388888888,2019-07-18
2019-07-19,220.3811736111111,2019-07-19
2019-07-20,228.2508402777778,2019-07-20
2019-07-21,224.51155555555556,2019-07-21
2019-07-22,220.8352638888889,2019-07-22
2019-07-23,213.83985416666667,2019-07-23
2019-07-24,209.0076527777778,2019-07-24
2019-07-25,216.25666666666666,2019-07-25
2019-07-26,216.82292971468337,2019-07-26
2019-07-27,213.47025694444443,2019-07-27
2019-07-28,208.2507361111111,2019-07-28
2019-07-29,210.60177083333332,2019-07-29
2019-07-30,209.29427083333334,2019-07-30
2019-07-31,214.29978472222223,2019-07-31
2019-08-01,214.57125,2019-08-01
2019-08-02,218.1958125,2019-08-02
2019-08-03,222.04102083333333,2019-08-03
2019-08-04,220.47621527777778,2019-08-04
2019-08-05,230.94151388888892,2019-08-05
2019-08-06,229.26484722222222,2019-08-06
2019-08-07,225.83029861111112,2019-08-07
2019-08-08,226.1,2019-08-08
2019-08-09,212.798426183844,2019-08-09
2019-08-10,208.428875,2019-08-10
2019-08-11,211.5533333333333,2019-08-11
2019-08-12,212.19468055555558,2019-08-12
2019-08-13,208.52434722222222,2019-08-13
2019-08-14,200.93446527777778,2019-08-14
2019-08-15,184.16884722222224,2019-08-15
2019-08-16,184.79156944444443,2019-08-16
2019-08-17,184.58997916666667,2019-08-17
2019-08-18,190.3337222222222,2019-08-18
2019-08-19,198.9537777777778,2019-08-19
2019-08-20,197.9688541666667,2019-08-20
2019-08-21,187.3119722222222,2019-08-21
2019-08-22,189.895,2019-08-22
2019-08-23,192.906573816156,2019-08-23
2019-08-24,190.22975694444443,2019-08-24
2019-08-25,188.60704861111114,2019-08-25
2019-08-26,189.4241041666667,2019-08-26
2019-08-27,186.64485416666668,2019-08-27
2019-08-28,182.75210798460074,2019-08-28
2019-08-29,169.20932638888888,2019-08-29
2019-08-30,168.4899236111111,2019-08-30
2019-08-31,168.88150000000002,2019-08-31
2019-09-01,171.2785625,2019-09-01
2019-09-02,173.81674999999998,2019-09-02
2019-09-03,179.14253472222222,2019-09-03
2019-09-04,177.41463888888887,2019-09-04
2019-09-05,175.08,2019-09-05
2019-09-06,,2019-09-06
2019-09-07,173.19015320334262,2019-09-07
2019-09-08,180.88249305555556,2019-09-08
2019-09-09,180.29802083333334,2019-09-09
2019-09-10,180.87719444444446,2019-09-10
2019-09-11,178.20527777777778,2019-09-11
2019-09-12,178.83308333333335,2019-09-12
2019-09-13,179.67072222222222,2019-09-13
2019-09-14,183.57616666666667,2019-09-14
2019-09-15,188.62954166666665,2019-09-15
2019-09-16,193.34504166666665,2019-09-16
2019-09-17,202.57021527777778,2019-09-17
2019-09-18,212.71980555555558,2019-09-18
2019-09-19,209.5775,2019-09-19
2019-09-20,217.3384481558803,2019-09-20
2019-09-21,216.85119444444442,2019-09-21
2019-09-22,210.20804861111114,2019-09-22
2019-09-23,207.63139583333336,2019-09-23
2019-09-24,190.33213888888892,2019-09-24
2019-09-25,168.6677361111111,2019-09-25
2019-09-26,166.7275138888889,2019-09-26
2019-09-27,166.95570833333335,2019-09-27
2019-09-28,173.6728125,2019-09-28
2019-09-29,169.89934027777778,2019-09-29
2019-09-30,172.83475,2019-09-30
2019-10-01,179.5600486111111,2019-10-01
2019-10-02,176.75702777777778,2019-10-02
2019-10-03,181.012,2019-10-03
2019-10-04,175.13286908077993,2019-10-04
2019-10-05,175.24624305555557,2019-10-05
2019-10-06,173.28688194444445,2019-10-06
2019-10-07,175.56540277777776,2019-10-07
2019-10-08,180.76325,2019-10-08
2019-10-09,186.01954861111113,2019-10-09
2019-10-10,191.98352083333336,2019-10-10
2019-10-11,185.71733333333336,2019-10-11
2019-10-12,182.70052083333334,2019-10-12
2019-10-13,182.33340277777776,2019-10-13
2019-10-14,183.85339583333334,2019-10-14
2019-10-15,182.95207638888888,2019-10-15
2019-10-16,176.7145138888889,2019-10-16
2019-10-17,175.7831111111111,2019-10-17
2019-10-18,173.60141666666667,2019-10-18
2019-10-19,172.8529166666667,2019-10-19
2019-10-20,172.5816736111111,2019-10-20
2019-10-21,174.60543055555556,2019-10-21
2019-10-22,173.4899722222222,2019-10-22
2019-10-23,164.15830555555556,2019-10-23
2019-10-24,162.358,2019-10-24
2019-10-25,169.41886490250695,2019-10-25
2019-10-26,182.60494444444444,2019-10-26
2019-10-27,182.49919444444447,2019-10-27
2019-10-28,183.89539583333334,2019-10-28
2019-10-29,186.86381250000002,2019-10-29
2019-10-30,185.09520833333332,2019-10-30
2019-10-31,182.5641388888889,2019-10-31
2019-11-01,181.70064583333334,2019-11-01
2019-11-02,183.3832708333333,2019-11-02
2019-11-03,182.20402083333332,2019-11-03
2019-11-04,184.04274305555555,2019-11-04
2019-11-05,187.57943055555555,2019-11-05
2019-11-06,190.60502777777776,2019-11-06
2019-11-07,187.61513194444444,2019-11-07
2019-11-08,184.67561805555556,2019-11-08
2019-11-09,184.52934027777778,2019-11-09
2019-11-10,187.3814097222222,2019-11-10
2019-11-11,186.7420763888889,2019-11-11
2019-11-12,184.724,2019-11-12
2019-11-13,186.77687325905293,2019-11-13
2019-11-14,185.1572638888889,2019-11-14
2019-11-15,181.58711805555555,2019-11-15
2019-11-16,181.4838472222222,2019-11-16
2019-11-17,183.45327083333333,2019-11-17
2019-11-18,181.354875,2019-11-18
2019-11-19,175.5487986111111,2019-11-19
2019-11-20,175.44152083333333,2019-11-20
2019-11-21,174.148,2019-11-21
2019-11-22,153.35167710508003,2019-11-22
2019-11-23,150.73897916666667,2019-11-23
2019-11-24,147.9219097222222,2019-11-24
2019-11-25,142.44806944444446,2019-11-25
2019-11-26,146.54506944444444,2019-11-26
2019-11-27,148.72094444444446,2019-11-27
2019-11-28,152.53727083333334,2019-11-28
2019-11-29,153.8225763888889,2019-11-29
2019-11-30,153.0524166666667,2019-11-30
2019-12-01,149.1397013888889,2019-12-01
2019-12-02,148.90708333333333,2019-12-02
2019-12-03,148.25815277777778,2019-12-03
2019-12-04,146.58784027777776,2019-12-04
2019-12-05,146.6817847222222,2019-12-05
2019-12-06,147.67936805555556,2019-12-06
2019-12-07,148.28804166666666,2019-12-07
2019-12-08,148.9677638888889,2019-12-08
2019-12-09,149.15959027777777,2019-12-09
2019-12-10,146.37120833333333,2019-12-10
2019-12-11,144.57086805555554,2019-12-11
2019-12-12,143.96,2019-12-12
2019-12-13,144.33276965901183,2019-12-13
2019-12-14,143.12016666666668,2019-12-14
2019-12-15,142.13611805555556,2019-12-15
2019-12-16,139.03981944444445,2019-12-16
2019-12-17,128.89944444444444,2019-12-17
2019-12-18,125.09898611111112,2019-12-18
2019-12-19,133.09,2019-12-19
2019-12-20,127.4354418928323,2019-12-20
2019-12-21,127.36769444444445,2019-12-21
2019-12-22,129.39928472222223,2019-12-22
2019-12-23,131.783125,2019-12-23
2019-12-24,127.93285416666666,2019-12-24
2019-12-25,125.17348611111112,2019-12-25
2019-12-26,125.77990972222223,2019-12-26
2019-12-27,125.12322916666668,2019-12-27
2019-12-28,127.56189583333334,2019-12-28
2019-12-29,130.39064583333334,2019-12-29
2019-12-30,132.8166388888889,2019-12-30
2019-12-31,130.40880555555555,2019-12-31
2020-01-01,130.57668055555555,2020-01-01
2020-01-02,128.53079166666666,2020-01-02
2020-01-03,130.88583333333332,2020-01-03
2020-01-04,133.55410416666666,2020-01-04
2020-01-05,136.03649305555555,2020-01-05
2020-01-06,140.32329166666668,2020-01-06
2020-01-07,142.7628125,2020-01-07
2020-01-08,142.42790277777777,2020-01-08
2020-01-09,141.12,2020-01-09
2020-01-10,139.2164812239221,2020-01-10
2020-01-11,143.97846527777776,2020-01-11
2020-01-12,144.2399236111111,2020-01-12
2020-01-13,143.53772916666668,2020-01-13
2020-01-14,154.30713194444445,2020-01-14
2020-01-15,164.50722916666666,2020-01-15
2020-01-16,162.16375,2020-01-16
2020-01-17,168.77372916666667,2020-01-17
2020-01-18,172.1339375,2020-01-18
2020-01-19,170.01065277777778,2020-01-19
2020-01-20,165.54052777777775,2020-01-20
2020-01-21,167.44454861111112,2020-01-21
2020-01-22,167.98455555555557,2020-01-22
2020-01-23,167.77,2020-01-23
2020-01-24,160.55985386221295,2020-01-24
2020-01-25,159.89365277777776,2020-01-25
2020-01-26,162.99269444444445,2020-01-26
2020-01-27,168.44338194444444,2020-01-27
2020-01-28,171.93950694444445,2020-01-28
2020-01-29,176.2282361111111,2020-01-29
2020-01-30,176.8442777777778,2020-01-30
2020-01-31,180.75404166666667,2020-01-31
2020-02-01,182.1323888888889,2020-02-01
2020-02-02,187.84525694444443,2020-02-02
2020-02-03,189.66758333333334,2020-02-03
2020-02-04,187.61638888888888,2020-02-04
2020-02-05,195.8417361111111,2020-02-05
2020-02-06,204.34,2020-02-06
2020-02-07,219.25853862212944,2020-02-07
2020-02-08,223.2425902777778,2020-02-08
2020-02-09,227.62794444444444,2020-02-09
2020-02-10,222.80952083333335,2020-02-10
2020-02-11,226.3984722222222,2020-02-11
2020-02-12,255.9993472222222,2020-02-12
2020-02-13,268.19799305555557,2020-02-13
2020-02-14,272.6500277777778,2020-02-14
2020-02-15,277.339625,2020-02-15
2020-02-16,263.3131041666667,2020-02-16
2020-02-17,254.03470833333333,2020-02-17
2020-02-18,272.46686805555555,2020-02-18
2020-02-19,278.3384236111111,2020-02-19
2020-02-20,258.738,2020-02-20
2020-02-21,262.7092623521225,2020-02-21
2020-02-22,262.0098611111111,2020-02-22
2020-02-23,270.164875,2020-02-23
2020-02-24,267.71627083333334,2020-02-24
2020-02-25,256.60446527777776,2020-02-25
2020-02-26,233.92554166666667,2020-02-26
2020-02-27,226.49561111111112,2020-02-27
2020-02-28,225.28244444444442,2020-02-28
2020-02-29,226.4614791666667,2020-02-29
2020-03-01,219.71924305555558,2020-03-01
2020-03-02,225.43558333333334,2020-03-02
2020-03-03,226.97458333333336,2020-03-03
2020-03-04,224.3454722222222,2020-03-04
2020-03-05,229.9708263888889,2020-03-05
2020-03-06,236.22250000000003,2020-03-06
2020-03-07,243.1460277777778,2020-03-07
2020-03-08,223.43329861111113,2020-03-08
2020-03-09,200.68538194444446,2020-03-09
2020-03-10,201.6544375,2020-03-10
2020-03-11,195.90355555555556,2020-03-11
2020-03-12,154.3535347222222,2020-03-12
2020-03-13,125.81493055555555,2020-03-13
2020-03-14,129.33156250000002,2020-03-14
2020-03-15,123.41185416666667,2020-03-15
2020-03-16,112.70609027777778,2020-03-16
2020-03-17,117.03647222222222,2020-03-17
2020-03-18,115.32940277777777,2020-03-18
2020-03-19,126.52268055555555,2020-03-19
2020-03-20,138.43852083333334,2020-03-20
2020-03-21,131.94603472222224,2020-03-21
2020-03-22,130.20135416666668,2020-03-22
2020-03-23,127.72116666666668,2020-03-23
2020-03-24,137.68483333333333,2020-03-24
2020-03-25,137.12236805555554,2020-03-25
2020-03-26,137.22,2020-03-26
2020-03-27,137.21853472222222,2020-03-27
2020-03-28,128.9299513888889,2020-03-28
2020-03-29,128.53118055555555,2020-03-29
2020-03-30,131.02644444444442,2020-03-30
2020-03-31,132.84866666666665,2020-03-31
2020-04-01,131.90459027777777,2020-04-01
2020-04-02,138.86610416666667,2020-04-02
2020-04-03,142.49509722222223,2020-04-03
2020-04-04,142.2635,2020-04-04
2020-04-05,143.41289583333335,2020-04-05
2020-04-06,155.55255555555556,2020-04-06
2020-04-07,170.57728472222223,2020-04-07
2020-04-08,169.94384027777778,2020-04-08
2020-04-09,173.08,2020-04-09
2020-04-10,160.31502083333334,2020-04-10
2020-04-11,158.3723125,2020-04-11
2020-04-12,159.95506944444443,2020-04-12
2020-04-13,154.2079652777778,2020-04-13
2020-04-14,158.67678472222224,2020-04-14
2020-04-15,158.01486805555555,2020-04-15
2020-04-16,165.41602777777777,2020-04-16
2020-04-17,170.85097916666666,2020-04-17
2020-04-18,178.19713194444444,2020-04-18
2020-04-19,183.016875,2020-04-19
2020-04-20,178.9800625,2020-04-20
2020-04-21,171.9225625,2020-04-21
2020-04-22,177.44775,2020-04-22
2020-04-23,183.37,2020-04-23
2020-04-24,188.0093402777778,2020-04-24
2020-04-25,192.80339583333335,2020-04-25
2020-04-26,195.47693055555558,2020-04-26
2020-04-27,195.4403402777778,2020-04-27
2020-04-28,195.79892361111112,2020-04-28
2020-04-29,207.90420833333334,2020-04-29
2020-04-30,214.13655555555556,2020-04-30
2020-05-01,211.55172916666666,2020-05-01
2020-05-02,213.0420138888889,2020-05-02
2020-05-03,212.86777083333334,2020-05-03
2020-05-04,203.50053472222223,2020-05-04
2020-05-05,206.0076736111111,2020-05-05
2020-05-06,207.0712986111111,2020-05-06
2020-05-07,207.1858333333333,2020-05-07
2020-05-08,212.29980555555554,2020-05-08
2020-05-09,212.23902083333334,2020-05-09
2020-05-10,188.72704166666668,2020-05-10
2020-05-11,187.2241736111111,2020-05-11
2020-05-12,189.53680555555556,2020-05-12
2020-05-13,193.80969444444446,2020-05-13
2020-05-14,199.83,2020-05-14
2020-05-15,199.0000138888889,2020-05-15
2020-05-16,200.0714861111111,2020-05-16
2020-05-17,204.52318055555557,2020-05-17
2020-05-18,212.9556388888889,2020-05-18
2020-05-19,212.54315277777778,2020-05-19
2020-05-20,212.1870486111111,2020-05-20
2020-05-21,204.44890277777776,2020-05-21
2020-05-22,203.1112361111111,2020-05-22
2020-05-23,207.8338472222222,2020-05-23
2020-05-24,207.22852083333333,2020-05-24
2020-05-25,203.26240972222223,2020-05-25
2020-05-26,202.02238194444442,2020-05-26
2020-05-27,204.7712986111111,2020-05-27
2020-05-28,208.44,2020-05-28
2020-05-29,220.53829861111112,2020-05-29
2020-05-30,232.6176875,2020-05-30
2020-05-31,237.5494027777778,2020-05-31
2020-06-01,238.84358333333333,2020-06-01
2020-06-02,243.89081944444447,2020-06-02
2020-06-03,238.8742638888889,2020-06-03
2020-06-04,243.2000138888889,2020-06-04
2020-06-05,242.7710138888889,2020-06-05
2020-06-06,241.27559027777775,2020-06-06
2020-06-07,240.66854861111113,2020-06-07
2020-06-08,243.45129166666666,2020-06-08
2020-06-09,243.53134722222222,2020-06-09
2020-06-10,244.60183333333333,2020-06-10
2020-06-11,241.65601388888888,2020-06-11
2020-06-12,235.54681944444442,2020-06-12
2020-06-13,236.78702083333334,2020-06-13
2020-06-14,235.65263194444444,2020-06-14
2020-06-15,227.0683125,2020-06-15
2020-06-16,233.26203472222224,2020-06-16
2020-06-17,232.90345833333333,2020-06-17
2020-06-18,233.7,2020-06-18
2020-06-19,229.24904166666667,2020-06-19
2020-06-20,228.52677083333333,2020-06-20
2020-06-21,229.61470833333334,2020-06-21
2020-06-22,237.8293611111111,2020-06-22
2020-06-23,243.0534097222222,2020-06-23
2020-06-24,239.6627986111111,2020-06-24
2020-06-25,232.9831597222222,2020-06-25
2020-06-26,230.61066666666665,2020-06-26
2020-06-27,227.0890625,2020-06-27
2020-06-28,222.68944444444443,2020-06-28
2020-06-29,224.83245138888887,2020-06-29
2020-06-30,226.3106597222222,2020-06-30
2020-07-01,228.32202083333334,2020-07-01
2020-07-02,231.25,2020-07-02
2020-07-03,226.810625,2020-07-03
2020-07-04,226.88032638888888,2020-07-04
2020-07-05,226.56721527777776,2020-07-05
2020-07-06,234.39681249999998,2020-07-06
2020-07-07,238.34775694444446,2020-07-07
2020-07-08,243.44333333333336,2020-07-08
2020-07-09,243.77409722222222,2020-07-09
2020-07-10,239.34222916666667,2020-07-10
2020-07-11,239.63165972222225,2020-07-11
2020-07-12,239.6961041666667,2020-07-12
2020-07-13,242.12156249999998,2020-07-13
2020-07-14,239.5944861111111,2020-07-14
2020-07-15,239.139375,2020-07-15
2020-07-16,238.57999999999998,2020-07-16
2020-07-17,233.2271230020848,2020-07-17
2020-07-18,234.5732777777778,2020-07-18
2020-07-19,235.02819444444444,2020-07-19
2020-07-20,237.9974722222222,2020-07-20
2020-07-21,241.86749305555557,2020-07-21
2020-07-22,245.71777083333336,2020-07-22
2020-07-23,267.8904166666667,2020-07-23
2020-07-24,276.3002222222222,2020-07-24
2020-07-25,288.6872222222222,2020-07-25
2020-07-26,308.2649513888889,2020-07-26
2020-07-27,323.25123611111115,2020-07-27
2020-07-28,318.1860763888889,2020-07-28
2020-07-29,320.80477083333335,2020-07-29
2020-07-30,322.6241180555555,2020-07-30
2020-07-31,340.43970833333333,2020-07-31
2020-08-01,362.3342361111111,2020-08-01
2020-08-02,379.0585208333333,2020-08-02
2020-08-03,387.5141527777778,2020-08-03
2020-08-04,391.360375,2020-08-04
2020-08-05,394.6822569444444,2020-08-05
2020-08-06,396.9984375,2020-08-06
2020-08-07,389.02655555555555,2020-08-07
2020-08-08,386.1701111111111,2020-08-08
2020-08-09,391.96608333333336,2020-08-09
2020-08-10,395.2956180555555,2020-08-10
2020-08-11,387.4959930555555,2020-08-11
2020-08-12,381.23440972222227,2020-08-12
2020-08-13,395.28163888888895,2020-08-13
2020-08-14,429.9879513888889,2020-08-14
2020-08-15,436.3284027777778,2020-08-15
2020-08-16,427.9640694444445,2020-08-16
2020-08-17,431.28929861111106,2020-08-17
2020-08-18,427.934125,2020-08-18
2020-08-19,411.3541458333333,2020-08-19
2020-08-20,408.61,2020-08-20
2020-08-21,406.02039583333334,2020-08-21
2020-08-22,389.60588194444443,2020-08-22
2020-08-23,390.8721111111111,2020-08-23
2020-08-24,400.75794444444443,2020-08-24
2020-08-25,391.17186805555554,2020-08-25
2020-08-26,385.3249513888889,2020-08-26
2020-08-27,386.22,2020-08-27
2020-08-28,391.0133888888889,2020-08-28
2020-08-29,399.6708958333333,2020-08-29
2020-08-30,412.08329166666664,2020-08-30
2020-08-31,429.9016458333333,2020-08-31
2020-09-01,464.6242013888889,2020-09-01
2020-09-02,453.2584861111111,2020-09-02
2020-09-03,420.4867986111111,2020-09-03
2020-09-04,388.39666666666665,2020-09-04
2020-09-05,360.4579236111111,2020-09-05
2020-09-06,343.3687847222222,2020-09-06
2020-09-07,345.5876597222222,2020-09-07
2020-09-08,342.07849305555555,2020-09-08
2020-09-09,345.9967291666666,2020-09-09
2020-09-10,350.89,2020-09-10
2020-09-11,366.35140277777776,2020-09-11
2020-09-12,373.6465694444445,2020-09-12
2020-09-13,374.1306111111111,2020-09-13
2020-09-14,370.67639332870044,2020-09-14
2020-09-15,371.51444444444445,2020-09-15
2020-09-16,364.4296597222222,2020-09-16
2020-09-17,381.94720138888886,2020-09-17
2020-09-18,384.3874444444445,2020-09-18
2020-09-19,383.2684513888889,2020-09-19
2020-09-20,376.22574999999995,2020-09-20
2020-09-21,356.4668102849201,2020-09-21
2020-09-22,342.5594027777778,2020-09-22
2020-09-23,336.45620833333334,2020-09-23
2020-09-24,320.10999999999996,2020-09-24
2020-09-25,347.1442460041696,2020-09-25
2020-09-26,352.29077777777775,2020-09-26
2020-09-27,354.89366666666666,2020-09-27
2020-09-28,360.5649583333333,2020-09-28
2020-09-29,355.64050000000003,2020-09-29
2020-09-30,356.32057638888887,2020-09-30
2020-10-01,360.0832222222222,2020-10-01
2020-10-02,344.70789583333334,2020-10-02
2020-10-03,347.2858958333333,2020-10-03
2020-10-04,348.4359027777778,2020-10-04
2020-10-05,352.2674513888889,2020-10-05
2020-10-06,348.38659722222224,2020-10-06
2020-10-07,339.71542361111113,2020-10-07
2020-10-08,343.6253819444444,2020-10-08
2020-10-09,357.10322916666667,2020-10-09
2020-10-10,373.57197222222226,2020-10-10
2020-10-11,373.21314801945795,2020-10-11
2020-10-12,379.09456944444446,2020-10-12
2020-10-13,382.2670277777778,2020-10-13
2020-10-14,380.24252777777775,2020-10-14
2020-10-15,376.8765208333333,2020-10-15
2020-10-16,369.68350694444445,2020-10-16
2020-10-17,367.45621527777774,2020-10-17
2020-10-18,373.3219166666667,2020-10-18
2020-10-19,377.69014583333336,2020-10-19
2020-10-20,373.6575972222222,2020-10-20
2020-10-21,384.58729166666666,2020-10-21
2020-10-22,406.84341666666666,2020-10-22
2020-10-23,412.76265277777776,2020-10-23
2020-10-24,412.453425990271,2020-10-24
2020-10-25,409.56614583333334,2020-10-25
2020-10-26,401.26425,2020-10-26
2020-10-27,399.8837291666666,2020-10-27
2020-10-28,394.0025277777778,2020-10-28
2020-10-29,389.16443055555555,2020-10-29
2020-10-30,382.55685416666665,2020-10-30
2020-10-31,387.1067152777778,2020-10-31
2020-11-01,389.384850590688,2020-11-01
2020-11-02,390.6184722222222,2020-11-02
2020-11-03,380.91238888888887,2020-11-03
2020-11-04,389.68128472222224,2020-11-04
2020-11-05,407.6228472222222,2020-11-05
2020-11-06,438.92939583333333,2020-11-06
2020-11-07,453.2792430555555,2020-11-07
2020-11-08,445.84513888888887,2020-11-08
2020-11-09,449.10685416666666,2020-11-09
2020-11-10,448.40854861111114,2020-11-10
2020-11-11,463.78265972222226,2020-11-11
2020-11-12,463.9766666666667,2020-11-12
2020-11-13,467.56433936022256,2020-11-13
2020-11-14,463.8650138888889,2020-11-14
2020-11-15,455.4991527777778,2020-11-15
2020-11-16,456.2547083333333,2020-11-16
2020-11-17,471.1257777777778,2020-11-17
2020-11-18,478.5262916666667,2020-11-18
2020-11-19,474.7401458333334,2020-11-19
2020-11-20,498.40411111111115,2020-11-20
2020-11-21,524.0727152777778,2020-11-21
2020-11-22,548.3448958333333,2020-11-22
2020-11-23,587.7793958333333,2020-11-23
2020-11-24,608.7812569444444,2020-11-24
2020-11-25,591.8681041666666,2020-11-25
2020-11-26,520.9591666666666,2020-11-26
2020-11-27,514.2622708333333,2020-11-27
2020-11-28,525.5354305555555,2020-11-28
2020-11-29,550.4184583333333,2020-11-29
2020-11-30,594.1122361111111,2020-11-30
2020-12-01,603.1123611111111,2020-12-01
2020-12-02,592.9879375,2020-12-02
2020-12-03,606.1083125,2020-12-03
2020-12-04,597.1085972222222,2020-12-04
2020-12-05,587.6661527777778,2020-12-05
2020-12-06,596.1289506601806,2020-12-06
2020-12-07,593.9959444444445,2020-12-07
2020-12-08,578.9134722222223,2020-12-08
2020-12-09,559.5620347222222,2020-12-09
2020-12-10,574.8675000000001,2020-12-10
2020-12-11,547.5167688022284,2020-12-11
2020-12-12,559.029298611111,2020-12-12
2020-12-13,581.1603335649756,2020-12-13
2020-12-14,584.6886319444444,2020-12-14
2020-12-15,587.5726944444444,2020-12-15
2020-12-16,603.5589027777777,2020-12-16
2020-12-17,652.0163333333334,2020-12-17
2020-12-18,646.8093472222222,2020-12-18
2020-12-19,656.9499722222222,2020-12-19
2020-12-20,649.1476875000001,2020-12-20
2020-12-21,624.4493194444444,2020-12-21
2020-12-22,614.6765347222222,2020-12-22
2020-12-23,611.4687222222221,2020-12-23
2020-12-24,587.2820416666667,2020-12-24
2020-12-25,617.3866944444444,2020-12-25
2020-12-26,631.6151041666667,2020-12-26
2020-12-27,662.2642976356051,2020-12-27
2020-12-28,724.7300138888888,2020-12-28
2020-12-29,719.2261527777778,2020-12-29
2020-12-30,736.1059444444445,2020-12-30
2020-12-31,741.0856805555554,2020-12-31
2021-01-01,737.3390277777778,2021-01-01
2021-01-02,750.9936692147323,2021-01-02
2021-01-03,859.7039541348158,2021-01-03
2021-01-04,1012.2980486111111,2021-01-04
2021-01-05,1056.7325069444446,2021-01-05
2021-01-06,1138.5241527777778,2021-01-06
2021-01-07,1220.3778472222223,2021-01-07
2021-01-08,1201.0288680555557,2021-01-08
2021-01-09,1225.2397291666666,2021-01-09
2021-01-10,1303.9187134909598,2021-01-10
2021-01-11,1070.5164166666666,2021-01-11
2021-01-12,1085.1739583333333,2021-01-12
2021-01-13,1067.3244336344685,2021-01-13
2021-01-14,1169.8021944444445,2021-01-14
2021-01-15,1195.600013888889,2021-01-15
2021-01-16,1216.8484930555555,2021-01-16
2021-01-17,1224.925507649513,2021-01-17
2021-01-18,1226.7669375,2021-01-18
2021-01-19,1370.8886666666667,2021-01-19
2021-01-20,1334.6652152777776,2021-01-20
2021-01-21,1251.2011527777777,2021-01-21
2021-01-22,1194.548340277778,2021-01-22
2021-01-23,1242.3928402777779,2021-01-23
2021-01-24,1319.7924895688457,2021-01-24
2021-01-25,1403.4373472222223,2021-01-25
2021-01-26,1325.5815277777776,2021-01-26
2021-01-27,1281.5328541666668,2021-01-27
2021-01-28,1310.9667638888889,2021-01-28
2021-01-29,1362.5633819444445,2021-01-29
2021-01-30,1360.7546180555555,2021-01-30
2021-01-31,1338.6254836464857,2021-01-31
2021-02-01,1324.4116180555554,2021-02-01
2021-02-02,1441.700701388889,2021-02-02
2021-02-03,1574.6333356497569,2021-02-03
2021-02-04,1645.8627430555557,2021-02-04
2021-02-05,1677.8215347222222,2021-02-05
2021-02-06,1691.8266319444444,2021-02-06
2021-02-07,1609.4105431754874,2021-02-07
2021-02-08,1667.2636458333332,2021-02-08
2021-02-09,1754.076138888889,2021-02-09
2021-02-10,1768.7424583333334,2021-02-10
2021-02-11,1765.6933125,2021-02-11
2021-02-12,1796.614861111111,2021-02-12
2021-02-13,1824.767375,2021-02-13
2021-02-14,1825.6682299651568,2021-02-14
2021-02-15,1780.9489652777777,2021-02-15
2021-02-16,1783.0822291666668,2021-02-16
2021-02-17,1803.2215416666668,2021-02-17
2021-02-18,1910.2757847222222,2021-02-18
2021-02-19,1935.7749236111113,2021-02-19
2021-02-20,1991.2720416666668,2021-02-20
2021-02-21,1944.5019041000696,2021-02-21
2021-02-22,1811.0946388888888,2021-02-22
2021-02-23,1570.5327083333334,2021-02-23
2021-02-24,1633.8068958333336,2021-02-24
2021-02-25,1605.905465277778,2021-02-25
2021-02-26,1481.6794930555557,2021-02-26
2021-02-27,1486.6574791666667,2021-02-27
2021-02-28,1381.175490605428,2021-02-28
2021-03-01,1497.0590277777778,2021-03-01
2021-03-02,1540.9698402777776,2021-03-02
2021-03-03,1580.4947013888889,2021-03-03
2021-03-04,1561.1546597222223,2021-03-04
2021-03-05,1492.0320625,2021-03-05
2021-03-06,1577.3020902777776,2021-03-06
2021-03-07,1666.3685316631872,2021-03-07
2021-03-08,1736.5265069444445,2021-03-08
2021-03-09,1831.8821041666667,2021-03-09
2021-03-10,1823.3664999999999,2021-03-10
2021-03-11,1792.5269930555555,2021-03-11
2021-03-12,1781.1770069444444,2021-03-12
2021-03-13,1839.9118958333333,2021-03-13
2021-03-14,1883.1940208333335,2021-03-14
2021-03-15,1808.5148055555555,2021-03-15
2021-03-16,1781.2502777777777,2021-03-16
2021-03-17,1786.9673680555554,2021-03-17
2021-03-18,1809.7179444444444,2021-03-18
2021-03-19,1804.8228263888889,2021-03-19
2021-03-20,1835.1501666666668,2021-03-20
2021-03-21,1786.99510771369,2021-03-21
2021-03-22,1766.3088888888888,2021-03-22
2021-03-23,1692.3929305555555,2021-03-23
2021-03-24,1679.6683680555557,2021-03-24
2021-03-25,1592.9930555555557,2021-03-25
2021-03-26,1640.8196944444444,2021-03-26
2021-03-27,1698.871375,2021-03-27
2021-03-28,1701.017192494788,2021-03-28
2021-03-29,1757.161263888889,2021-03-29
2021-03-30,1826.5225833333334,2021-03-30
2021-03-31,1850.6989375,2021-03-31
2021-04-01,1939.6878819444444,2021-04-01
2021-04-02,2026.2246527777777,2021-04-02
2021-04-03,2088.6307777777774,2021-04-03
2021-04-04,2049.056125,2021-04-04
2021-04-05,2069.4324583333337,2021-04-05
2021-04-06,2113.9368472222222,2021-04-06
2021-04-07,2031.618701388889,2021-04-07
2021-04-08,2029.0130694444442,2021-04-08
2021-04-09,2076.0820833333337,2021-04-09
2021-04-10,2139.4763238359974,2021-04-10
2021-04-11,2139.561991643454,2021-04-11
2021-04-12,2146.8313819444443,2021-04-12
2021-04-13,2225.8362569444444,2021-04-13
2021-04-14,2357.5012291666667,2021-04-14
2021-04-15,2461.6089722222223,2021-04-15
2021-04-16,2435.0529513888887,2021-04-16
2021-04-17,2422.2236666666668,2021-04-17
2021-04-18,2182.8657927677327,2021-04-18
2021-04-19,2213.5785,2021-04-19
2021-04-20,2191.852909722222,2021-04-20
2021-04-21,2351.5111875,2021-04-21
2021-04-22,2485.660611535789,2021-04-22
2021-04-23,2281.478125,2021-04-23
2021-04-24,2263.808826388889,2021-04-24
2021-04-25,2262.1685128561503,2021-04-25
2021-04-26,2476.399138888889,2021-04-26
2021-04-27,2578.6499444444444,2021-04-27
2021-04-28,2680.093986111111,2021-04-28
2021-04-29,2740.0708611111113,2021-04-29
2021-04-30,2761.4666805555557,2021-04-30
2021-05-01,2872.3459374999998,2021-05-01
2021-05-02,2931.3004583333336,2021-05-02
2021-05-03,3172.580701388889,2021-05-03
2021-05-04,3350.209444444444,2021-05-04
2021-05-05,3369.289361111111,2021-05-05
2021-05-06,3490.077927677329,2021-05-06
2021-05-07,3478.3763958333334,2021-05-07
2021-05-08,3654.974659722222,2021-05-08
2021-05-09,3895.334596662031,2021-05-09
2021-05-10,4064.2263402777776,2021-05-10
2021-05-11,3991.413916666667,2021-05-11
2021-05-12,4215.066319444444,2021-05-12
2021-05-13,3821.3179930555557,2021-05-13
2021-05-14,3969.3741666666665,2021-05-14
2021-05-15,3897.6587847222227,2021-05-15
2021-05-16,3699.042110027855,2021-05-16
2021-05-17,3385.8519722222222,2021-05-17
2021-05-18,3425.2206388888885,2021-05-18
2021-05-19,2824.7903541666665,2021-05-19
2021-05-20,2694.9675347222224,2021-05-20
2021-05-21,2622.0599930555554,2021-05-21
2021-05-22,2347.6862916666664,2021-05-22
2021-05-23,2101.0847595818814,2021-05-23
2021-05-24,2360.3505833333334,2021-05-24
2021-05-25,2587.802201388889,2021-05-25
2021-05-26,2793.4850208333332,2021-05-26
2021-05-27,2767.130833333333,2021-05-27
2021-05-28,2552.760673611111,2021-05-28
2021-05-29,2399.2966875,2021-05-29
2021-05-30,2381.3762282533057,2021-05-30
2021-05-31,2502.7089861111112,2021-05-31
2021-06-01,2611.312548611111,2021-06-01
2021-06-02,2693.373673611111,2021-06-02
2021-06-03,2798.931388888889,2021-06-03
2021-06-04,2682.676486111111,2021-06-04
2021-06-05,2689.6108611111113,2021-06-05
2021-06-06,2692.386773296245,2021-06-06
2021-06-07,2750.818513888889,2021-06-07
2021-06-08,2495.176388888889,2021-06-08
2021-06-09,2525.7505625,2021-06-09
2021-06-10,2527.8968333333332,2021-06-10
2021-06-11,2430.9753333333333,2021-06-11
2021-06-12,2363.8950416666667,2021-06-12
2021-06-13,2391.518164116829,2021-06-13
2021-06-14,2522.2861527777777,2021-06-14
2021-06-15,2579.300194579569,2021-06-15
2021-06-16,2468.8592911744267,2021-06-16
2021-06-17,2394.899909722222,2021-06-17
2021-06-18,2281.0026597222222,2021-06-18
2021-06-19,2225.7836666666667,2021-06-19
2021-06-20,2168.199137691238,2021-06-20
2021-06-21,2015.9936527777777,2021-06-21
2021-06-22,1894.5110902777778,2021-06-22
2021-06-23,1981.1896805555557,2021-06-23
2021-06-24,1970.67,2021-06-24
2021-06-25,1896.3414037526059,2021-06-25
2021-06-26,1786.1264305555555,2021-06-26
2021-06-27,1853.237324530924,2021-06-27
2021-06-28,2038.9595902777778,2021-06-28
2021-06-29,2170.895465277778,2021-06-29
2021-06-30,2163.445027777778,2021-06-30
2021-07-01,2148.1992430555556,2021-07-01
2021-07-02,2080.7097430555555,2021-07-02
2021-07-03,2192.9922152777776,2021-07-03
2021-07-04,2306.6924183460737,2021-07-04
2021-07-05,2249.925944444444,2021-07-05
2021-07-06,2294.7405416666666,2021-07-06
2021-07-07,2359.4956875,2021-07-07
2021-07-08,2185.797215277778,2021-07-08
2021-07-09,2125.2821944444445,2021-07-09
2021-07-10,2118.0807291666665,2021-07-10
2021-07-11,2122.9867966573815,2021-07-11
2021-07-12,2098.9698750000002,2021-07-12
2021-07-13,1993.4198541666665,2021-07-13
2021-07-14,1949.7144791666667,2021-07-14
2021-07-15,1941.1248263888888,2021-07-15
2021-07-16,1907.8866111111113,2021-07-16
2021-07-17,1885.1634027777777,2021-07-17
2021-07-18,1939.7878730822874,2021-07-18
2021-07-19,1854.1716041666666,2021-07-19
2021-07-20,1769.0150208333332,2021-07-20
2021-07-21,1897.0279027777779,2021-07-21
2021-07-22,1999.5672777777777,2021-07-22
2021-07-23,2053.639763888889,2021-07-23
2021-07-24,2148.406013888889,2021-07-24
2021-07-25,2158.1095815899585,2021-07-25
2021-07-26,2322.2766666666666,2021-07-26
2021-07-27,2234.951791666667,2021-07-27
2021-07-28,2297.6061805555555,2021-07-28
2021-07-29,2309.1851666666666,2021-07-29
2021-07-30,2383.6875625,2021-07-30
2021-07-31,2465.2198680555553,2021-07-31
2021-08-01,2597.9286541143656,2021-08-01
2021-08-02,2597.0938125,2021-08-02
2021-08-03,2507.7929097222222,2021-08-03
2021-08-04,2585.344120917304,2021-08-04
2021-08-05,2722.75325,2021-08-05
2021-08-06,2818.4495347222223,2021-08-06
2021-08-07,3028.602472222222,2021-08-07
2021-08-08,3084.8898327526135,2021-08-08
2021-08-09,3054.8563958333334,2021-08-09
2021-08-10,3134.3808125,2021-08-10
2021-08-11,3210.5477824267778,2021-08-11
2021-08-12,3108.194791666667,2021-08-12
2021-08-13,3204.1732222222226,2021-08-13
2021-08-14,3272.748715277778,2021-08-14
2021-08-15,3211.1194351464433,2021-08-15
2021-08-16,3250.973986111111,2021-08-16
2021-08-17,3165.7857569444445,2021-08-17
2021-08-18,3047.075743055556,2021-08-18
2021-08-19,3045.5728194444446,2021-08-19
2021-08-20,3239.6016180555557,2021-08-20
2021-08-21,3268.4253888888884,2021-08-21
2021-08-22,3220.495449477352,2021-08-22
2021-08-23,3325.291298611111,2021-08-23
2021-08-24,3272.3082361111115,2021-08-24
2021-08-25,3186.848236111111,2021-08-25
2021-08-26,3130.7912222222226,2021-08-26
2021-08-27,3172.860763888889,2021-08-27
2021-08-28,3244.4684861111114,2021-08-28
2021-08-29,3213.816717770035,2021-08-29
2021-08-30,3220.8563958333334,2021-08-30
2021-08-31,3339.9999166666666,2021-08-31
2021-09-01,3576.849041666667,2021-09-01
2021-09-02,3774.3358026407227,2021-09-02
2021-09-03,3888.7279097222226,2021-09-03
2021-09-04,3909.1681597222223,2021-09-04
2021-09-05,3912.7199860627175,2021-09-05
2021-09-06,3933.5353333333333,2021-09-06
2021-09-07,3687.077263888889,2021-09-07
2021-09-08,3436.8736875000004,2021-09-08
2021-09-09,3489.6263402777777,2021-09-09
2021-09-10,3360.4115972222226,2021-09-10
2021-09-11,3281.9241875000002,2021-09-11
2021-09-12,3371.9983542538353,2021-09-12
2021-09-13,3256.7295416666666,2021-09-13
2021-09-14,3338.7656458333336,2021-09-14
2021-09-15,3459.243375,2021-09-15
2021-09-16,3596.0899305555554,2021-09-16
2021-09-17,3480.863145833333,2021-09-17
2021-09-18,3461.3222638888888,2021-09-18
2021-09-19,3382.2849163179917,2021-09-19
2021-09-20,3117.894291666667,2021-09-20
2021-09-21,2962.8001805555555,2021-09-21
2021-09-22,2945.7301527777777,2021-09-22
2021-09-23,3113.0101041666667,2021-09-23
2021-09-24,2969.868172341904,2021-09-24
2021-09-25,2914.7177430555553,2021-09-25
2021-09-26,2957.453005578801,2021-09-26
2021-09-27,3067.3315833333336,2021-09-27
2021-09-28,2895.3069166666664,2021-09-28
2021-09-29,2875.4512777777777,2021-09-29
2021-09-30,2988.5089861111114,2021-09-30
2021-10-01,3164.9605277777778,2021-10-01
2021-10-02,3343.184652777778,2021-10-02
2021-10-03,3415.402487804878,2021-10-03
2021-10-04,3366.5975347222225,2021-10-04
2021-10-05,3435.582229166667,2021-10-05
2021-10-06,3512.4723958333334,2021-10-06
2021-10-07,3574.7449652777777,2021-10-07
2021-10-08,3604.188256944444,2021-10-08
2021-10-09,3590.0722430555556,2021-10-09
2021-10-10,3539.539979020979,2021-10-10
2021-10-11,3540.6856180555556,2021-10-11
2021-10-12,3532.0033333333336,2021-10-12
